title,compound,datetime
Canada Digital Adoption Program (CDAP) | Official site,0.0,2024-06-10 03:22:11.430486
Government of Canada launches second stream of funding to support improved access to oral health care,0.8402,2024-06-10 03:22:11.448018
Canada's Parliament rocked by allegations of treason,-0.4404,2024-06-10 03:22:11.448018
"Tentative agreement reached for more than 9000 workers at Canada Border Services Agency, strike action averted",0.4215,2024-06-11 03:22:11.448018
U.S. officials discussed hitting Canada with trade sanctions over Quebec's language law,0.0,2024-06-11 03:22:11.448018
The Forks National Historic Site,0.0,2024-06-11 03:22:11.448018
Rate cuts won’t spur immediate rebound in Canada’s economy,-0.296,2024-06-12 03:22:11.448018
ROM Announces Free Admission on Canada Day and the Return of Free Main Floor,0.765,2024-06-12 03:22:11.448018
Canada Cup,0.0,2024-06-12 03:22:11.448018
"Canada's U20 Women's Rugby Team to play England, Wales and the USA this July",0.34,2024-06-12 03:22:11.448018
Canada announces additional sanctions against Russia and its illegal war against Ukraine,-0.8176,2024-06-13 03:22:11.430486
New Chief Commissioner of the Canadian Human Rights Commission appointed by Minister of Justice,0.5267,2024-06-14 03:22:11.446971
Internet of Things: Quantum Sensors Challenge program - National Research Council Canada,0.0772,2024-06-14 03:22:11.446971
The Fur Trade at Lachine National Historic Site,0.0,2024-06-14 03:22:11.448018
La Mauricie National Park - Canada.ca,0.0,2024-06-14 03:22:11.448018
Advocates welcome passage of bill to tackle environmental racism in Canada,-0.2732,2024-06-14 03:22:11.448018
Canada can no longer be ‘naive’ about the ‘real’ threats it faces: defence chief,-0.5574,2024-06-16 03:22:11.448018
Coteau-du-Lac National Historic Site,0.0,2024-06-17 03:22:11.448018
Joint Statement in support of the International Criminal Court,-0.1779,2024-06-17 03:22:11.448018
Lower Fort Garry National Historic Site,-0.296,2024-06-17 03:22:11.448018
Rugby Canada's community events coming to Ottawa this July,0.0,2024-06-17 03:22:11.448018
Wapusk National Park,0.0,2024-06-18 03:22:11.446278
Canada announces additional sanctions against Russian government for its responsibility in death of Alexei Navalny,-0.5994,2024-06-18 03:22:11.446278
York Factory National Historic Site,0.0,2024-06-18 03:22:11.448018
Minister of Justice and Attorney General of Canada announces judicial appointments in the province of Quebec,0.5267,2024-06-18 03:22:11.448018
Plan your visit,0.0,2024-06-18 03:22:11.448018
Fort Chambly National Historic Site,0.0,2024-06-18 03:22:11.448018
Supreme Court of Canada - How to Calculate Deadlines for Serving and Filing Documents,0.5574,2024-06-18 03:22:11.448018
Team Canada's women's soccer team leads with their values ahead of Paris 2024,0.4019,2024-06-18 03:22:11.448018
"Innovation, Science and Economic Development Canada | Official site",0.3818,2024-06-19 03:22:11.430486
Canada Day/Memorial Day Events Announced,0.0,2024-06-19 03:22:11.448018
Changes to electronic travel authorization (eTA) and visitor visa requirements for Mexican citizens,0.0,2024-06-19 03:22:11.448018
Cannabis market data,0.0,2024-06-19 03:22:11.448018
Federal Tourism Growth Strategy,0.3818,2024-06-19 03:22:11.448018
Reaching Canada's marine conservation targets,0.2023,2024-06-20 03:22:11.430486
Ottawa Tourism,0.0,2024-06-20 03:22:11.448018
Secretary General praises Canada's NATO contributions in visit to Ottawa,0.5267,2024-06-20 03:22:33.160976
GenAI: Is Canada ready?,0.3612,2024-06-20 03:22:33.160976
Learn more about the International Day for the Elimination of Racial Discrimination.,0.0,2024-06-20 03:22:33.176606
"Canada, Germany and Norway discussing a security pact to cover the North Atlantic and Arctic",0.34,2024-06-20 03:22:33.177591
Third annual progress report on the implementation of the UN Declaration on the Rights of Indigenous Peoples Act ...,0.4215,2024-06-20 03:22:33.177591
Celebrate Canada Day at Markham Centre on July 1,0.5719,2024-06-20 03:22:33.177591
Canada's new citizenship rules for those born abroad delayed,-0.2263,2024-06-20 03:22:33.177591
"Analysis on artificial intelligence use by businesses in Canada, second quarter of 2024",0.4767,2024-06-20 03:22:33.177591
International postsecondary students in Canada: 2020 graduates,0.0,2024-06-20 03:22:33.177591
The Bank of Canada's growing list of worries,-0.2732,2024-06-20 03:22:33.177591
Healthy meals for our kids | Prime Minister of Canada,0.4019,2024-06-20 03:22:33.177591
Protecting North Atlantic right whales from collisions with vessels in the Gulf of St. Lawrence,-0.2732,2024-06-21 03:22:11.430486
Jobs at Parks Canada,0.0,2024-06-21 03:22:11.430486
Money and finances,0.0,2024-06-21 03:22:11.446113
Evening show — Canada Day: Feel the rhythm!,0.0,2024-06-21 03:22:11.446971
Castle Hill National Historic Site,0.0,2024-06-21 03:22:11.448018
Supreme Court of Canada - 40360,0.5574,2024-06-21 03:22:33.160976
Men's Canada Selects training squad named ahead of match versus Vancouver Highlanders,0.0,2024-06-21 03:22:33.160976
Canada imposes sanctions against Haitian gang leaders,-0.1027,2024-06-21 03:22:33.176606
Plumes of smoke over Canada city from railway fire,-0.34,2024-06-21 03:22:33.177591
Canada's Men's Sevens Team opens World Rugby Sevens Repechage with win over Uganda,0.5859,2024-06-21 03:22:33.177591
What Does Canada's IRGC Terror Listing Really Mean?,-0.5267,2024-06-21 03:22:33.177591
Combatting systemic racism and discrimination in Canada,-0.6249,2024-06-21 03:22:33.177591
Montreal's Canada Day parade cancelled after organizer pulls plug,-0.25,2024-06-21 03:22:33.177591
"Canada posts upset win over Brazil, reaches Volleyball Nations League men's quarterfinals",0.34,2024-06-21 03:22:33.177591
Will Canada join the U.S. in a tariff battle against Chinese EV imports?,-0.1027,2024-06-21 03:22:33.177591
Canadian men's soccer team 'deeply disturbed' after player targeted with online racist abuse,-0.902,2024-06-21 03:22:33.177591
There's an old problem Canada's new foreign-interference law won't fix,-0.4019,2024-06-22 03:22:33.177591
Canada hit with record-breaking heat and cold — at the same time. Is this normal?,0.0,2024-06-22 03:22:33.177591
Naqvi's constituents get a map of Canada — minus P.E.I. and Yukon,0.0,2024-06-23 03:22:33.177591
Sikh assassinations: Are the US and Canada raising the heat on India?,-0.5719,2024-06-23 03:22:33.177591
"Ontario Liberal MP's map of Canada forgets P.E.I., Yukon",0.0,2024-06-23 03:22:33.177591
Protest outside controversial Reclaiming Canada conference in Victoria,-0.4215,2024-06-23 03:22:33.177591
2024 Canada Day celebration in Saint John,0.0,2024-06-24 03:22:33.160976
Minister of Justice and Attorney General of Canada announces a judicial appointment in the province of Alberta,0.5267,2024-06-24 03:22:33.160976
Minister of Justice and Attorney General of Canada announces a judicial appointment in the Northwest Territories,0.5267,2024-06-24 03:22:33.176946
Protecting Canada’s EV Opportunities,0.3818,2024-06-24 03:22:33.176946
Subway® Canada Kicks-Off the 'Summer of Footlong' with Delectable New Footlong Sidekicks and Dippers,0.5994,2024-06-24 03:22:33.177591
Canada population to reach 63 million by 2073: Stats Canada,0.0258,2024-06-24 03:22:33.177591
Canada takes step toward boosting tariff regime on Chinese EVs by announcing consultation,0.34,2024-06-24 03:22:33.177591
Anaplasmosis is a tick-borne disease that's on the rise in Canada,0.0,2024-06-24 03:22:33.177591
Low productivity growth country's 'Achilles heel': Bank of Canada governor,0.128,2024-06-24 03:22:33.177591
Canada considering tariffs on Chinese-made EVs,0.0,2024-06-24 03:22:33.177591
Canada Day Celebrations,0.0,2024-06-25 03:22:11.448018
Canada Day long weekend fun in Ottawa,0.5106,2024-06-25 03:22:11.448018
Georgian Bay Islands National Park,0.0,2024-06-25 03:22:11.448018
2024 Canada Day celebrations in Kawartha Lakes,0.0,2024-06-25 03:22:33.176946
Euro heavyweights lead into Canada’s second Copa contest in full day of action on TSN,0.0,2024-06-25 03:22:33.177591
Minister Joly to travel to Mexico for bilateral visit,0.0,2024-06-25 03:22:33.177591
"Happy birthday, Canada! Make your Canada Day a memorable one in Mississauga",0.6114,2024-06-25 03:22:33.177591
"Canada's Liberals suffer major upset in Toronto special election, raising doubts about Trudeau",-0.6808,2024-06-25 03:22:33.177591
One sad graphic that shows every Canadian team's Stanley Cup playoff run since 1994,-0.4767,2024-06-25 03:22:33.177591
Canada's annual inflation rate rose to 2.9 per cent in May,0.0,2024-06-25 03:22:33.177591
Canada urges citizens to leave Lebanon over 'volatile' security situation,0.296,2024-06-25 03:22:33.177591
"Ultimate guide to Surrey Canada Day 2024: Free music, rides, festivities and more!",0.7712,2024-06-25 03:22:33.177591
Bruce Peninsula National Park,0.0,2024-06-25 03:22:33.177591
Young Canadians take political action to fight for the planet,-0.3818,2024-06-25 03:22:33.177591
Electronic travel authorization (eTA),0.0,2024-06-25 03:22:41.661696
Minister of Foreign Affairs urges Canadians to leave Lebanon while they can,-0.0516,2024-06-25 03:22:41.677606
Elk Island National Park,0.0,2024-06-26 03:22:11.448018
Canada announces an additional $5.7 million in funding to support the deployment of the Multinational Security ...,0.6249,2024-06-26 03:22:33.176946
Yellowknife Canada Day Parade 2024: get the details here,0.0,2024-06-26 03:22:33.177591
Canada orders deportation of ex-employee of Hamas-linked aid group,0.0,2024-06-26 03:22:33.177591
"As Israel and Hezbollah inch toward war, Canada braces for a repeat of the 2006 evacuation",-0.5994,2024-06-26 03:22:33.177591
Canada: Students can no longer apply for post-study work permits at border,-0.296,2024-06-26 03:22:33.177591
Happy Canada Day Long Weekend from the City of Mission | City of Mission,0.5719,2024-06-26 03:22:33.177591
No more Bank of Canada interest rate cuts until the fall: report,-0.1027,2024-06-26 03:22:33.177591
Prince Albert National Park,0.0,2024-06-26 03:22:33.177591
Forecasting safety abroad: Advice for Canadians during storm season,0.4215,2024-06-26 03:22:33.177591
Canada Day in Westmount - City of Westmount,0.0,2024-06-26 03:22:33.177591
Economic and Social Reports Socioeconomic profile of working-age immigrants in same-sex couples in Canada from ...,0.0,2024-06-26 03:22:33.177591
Rugby Canada becomes newest community partner at Hub350 in Canada's Largest Technology Park,0.0,2024-06-26 03:22:33.177591
What to see and do on Canada Day 2024,0.0,2024-06-26 03:22:41.677606
Canada Day 2024: Take our quiz and test your knowledge of Canada,0.0,2024-06-26 03:22:41.677606
Ontario Celebrating Canada Day with Free Fishing,0.7906,2024-06-26 03:22:41.677606
LANGFORD'S CANADA DAY EVENT AT STARLIGHT STADIUM,0.0,2024-06-26 03:22:41.677606
"Standing Senate Committee on Foreign Affairs and International Trade (44th Parliament, 1st Session)",0.0,2024-06-27 03:22:11.448018
What's open and closed in Ottawa on Canada Day 2024,0.0,2024-06-27 03:22:33.177591
Nikola Corporation Walmart Canada Becomes the First Major Retailer in Canada to Introduce a Hydrogen Fuel Cell ...,0.0,2024-06-27 03:22:41.676442
What is going on with immigration in Canada? Here's what the data shows,0.0,2024-06-27 03:22:41.677606
‘Big Brother Canada’ cancelled after 12 seasons: ‘The end of an era’,-0.25,2024-06-27 03:22:41.677606
Gov. Gen. Mary Simon announces 83 appointments to Order of Canada,0.0,2024-06-27 03:22:41.677606
"From finance to fighting racism, Order of Canada appointees include prominent Quebecers",-0.6486,2024-06-27 03:22:41.677606
Team Canada's Paris 2024 tennis team unveiled,0.0,2024-06-27 03:22:41.677606
Bell Media continues to slash and burn jobs before Canada Day long weekend,-0.2732,2024-06-27 03:22:41.677606
Changes to Canada’s citizenship laws have been delayed,-0.2263,2024-06-27 03:22:41.677606
Canada Day 2024,0.0,2024-06-27 03:22:41.677606
"What’s open and closed on Canada Day in Hamilton, Burlington and Niagara Region",0.0,2024-06-27 03:22:41.677606
Experienced athletes make up Team Canada tennis squad in Paris,0.0,2024-06-27 03:22:41.677606
Canadian Olympic gymnastics team announced for Paris 2024 - Team Canada - Official Olympic Team Website,0.0,2024-06-28 03:22:41.661696
Opinion: I fear my daughters will see no economic future in Canada,-0.6597,2024-06-28 03:22:41.661696
Happy Canada Day? 7 in 10 Canadians (70%) Think Canada is “Broken” as Canadian Pride Takes a Tumble,0.7269,2024-06-28 03:22:41.661696
Team Canada gymnasts setting the bar high for Paris 2024,0.0,2024-06-28 03:22:41.661696
Canada Day Fireworks Remain Cancelled,-0.25,2024-06-28 03:22:41.676442
Apple Vision Pro is available to pre-order in Canada,0.25,2024-06-28 03:22:41.677479
Supreme Court of Canada - 40346,0.5574,2024-06-28 03:22:41.677606
"Canada's GDP grew 0.3% in April, with rebound in some sectors",0.0,2024-06-28 03:22:41.677606
TransLink announces Canada Day transit services,0.0,2024-06-28 03:22:41.677606
"Crosby, MacKinnon, McDavid among 1st 6 Canada players for 2025 4 Nations Face-Off",0.0,2024-06-28 03:22:41.677606
Canada Day 2024: What's open and closed in Metro Vancouver,0.0,2024-06-28 03:22:41.677606
Canada unveils first six roster players for 4 Nations Face-Off,0.0,2024-06-28 03:22:41.677606
Canada Day in London: Where to celebrate and what to do,0.5719,2024-06-28 03:22:41.677606
Trudeau government negotiating with provinces to keep migrants behind bars,0.0,2024-06-28 03:22:41.677606
Statement by Premier King on Canada Day,0.0,2024-06-28 03:22:41.677606
Canada Day 2024: What’s open and closed in London,0.0,2024-06-28 03:22:41.677606
"De Grasse, Leduc win 100m races at Canadian track and field trials, book spots in Paris",0.5859,2024-06-28 03:22:41.677606
Canada Day weekend kicks off busy summer travel period,0.0,2024-06-28 03:22:41.677606
Opinion: My message to Canada: Buckle up and get ready for a second Trump presidency,0.3612,2024-06-28 03:22:41.677606
Canada’s economy is showing ‘more of a pulse’ in latest GDP uptick,0.0,2024-06-28 03:22:41.677606
First six players unveiled for 4 Nations Face-Off,0.0,2024-06-28 03:22:41.677606
"Canada Day 2024: What’s open, closed in Toronto and where to watch fireworks",0.0,2024-06-28 03:22:41.677606
Using sunscreen this long weekend? Several lots recalled in Canada,0.0,2024-06-28 03:22:41.677606
Canada Day 2024: What's open and what's closed in Toronto,0.0,2024-06-28 03:22:41.677606
"J.D.M. Stewart: I believe in Canada. You should too, Class of 2024",0.0,2024-06-28 03:22:41.677606
"Canada Day in Windsor-Essex: Parades, fireworks, fun for all ages",0.5106,2024-06-28 03:22:41.677606
"Biden's poor debate performance renews questions about Trump, Trudeau and Canada's future",-0.4767,2024-06-28 03:22:41.677606
Canada to appoint first woman to lead military,0.0,2024-06-28 03:22:41.677606
Canadian woman gets three years’ jail in first ever sentencing for a ‘Pretendian’,-0.1531,2024-06-28 03:22:41.677606
B.C. travellers urged to prepare for busy Canada Day long weekend,0.0,2024-06-28 03:22:41.677606
Nanos projections: Trudeau Liberals 'under siege' across Canada,0.0,2024-06-28 03:22:41.677606
How to celebrate Canada Day in the Edmonton area,0.5719,2024-06-28 03:22:41.677606
7 in 10 Canadians say they feel the country is ‘broken’: Ipsos poll,0.0,2024-06-28 03:22:41.677606
RCAF set for Canada Day fly-past in Ottawa with dozens of aircraft,0.0,2024-06-28 03:22:41.677606
"Canada Day in Saskatoon: Fireworks, festivities and more",0.4767,2024-06-28 03:22:41.677606
Canada urges dual citizens to leave Lebanon. Lebanese Montrealers say it's not that easy,-0.383,2024-06-28 03:22:41.677606
Copa America Preview: Chile stands in Canada’s way for knockout berth,0.0,2024-06-28 03:22:41.677606
"On Canada Day, praise for ... the Bloc Québécois | Opinion",0.5574,2024-06-28 03:22:41.677606
Batoche National Historic Site,0.0,2024-06-29 03:22:11.448018
Hold the sunscreen: Health Canada issues recall due to contamination,0.0,2024-06-29 10:22:22.271403
"Homebuilder sentiment in Canada remains low despite interest rate cut, says industry leader",-0.4149,2024-06-29 10:22:41.677606
Sunscreen brand recalled due to fungal contamination in Canada | insauga,0.0,2024-06-29 11:22:41.677606
Canada's Leylah Fernandez falls in final at Eastbourne,0.0,2024-06-29 11:22:41.677606
"47 best Canada Day sales in 2024 — save up to 75% at Best Buy, Walmart, Amazon & more",0.9231,2024-06-29 13:22:41.677606
Top Baby Names for 2023,0.2023,2024-06-29 14:22:22.259078
Canada Day a perfect time to celebrate Indigenous resilience: Ken Coates and Karen Restoule for Inside Policy ...,0.8126,2024-06-29 15:22:22.271403
FIBA 3X3 Women's Series Quebec City: Barcelona vs. Canada,0.0,2024-06-29 16:22:22.271403
"Canada vs. Chile confirmed lineups, starting 11, team news: Will Marsch, Gareca make changes for Copa America ...",0.0,2024-06-29 17:22:22.271403
Thousands of travellers scrambling after WestJet mechanics' strike prompts flight cancelations,-0.128,2024-06-29 17:22:41.677606
Trent-Severn Waterway offering free lockage on Canada Day,0.5106,2024-06-29 18:22:22.259078
U21 NORCECA Continental Championship: Semifinal - Canada vs Puerto Rico,0.4404,2024-06-29 18:22:22.271403
Only heavy winds will stop Canada Day Fireworks show in Portage,-0.296,2024-06-29 19:22:22.271403
Health Canada approves weekly insulin injection for Canadians with diabetes,0.4019,2024-06-29 19:22:22.271403
Nanaimo NightOwls planning fireworks show after Canada Day game,0.0,2024-06-29 19:22:22.271403
Canadian Armed Forces Colleges Host Convocation Ceremonies,0.0,2024-06-29 20:22:22.271403
Marsch delighted with intelligent Canada performance against Chile,0.743,2024-06-29 20:22:22.271403
Ontario Celebrating Canada Day With Free Fishing - muskoka411.com,0.7906,2024-06-29 20:22:22.271403
Canada even with 10-man Chile after one half at Copa America,0.0,2024-06-29 21:00:13.834605
Canada Politics: Are fears for democracy justified?,-0.0258,2024-06-29 21:00:13.834605
Bruce Deachman: It's time Ottawa's Canada Day party got its mojo back,0.4019,2024-06-29 21:00:13.835118
NP View: Canada Day is back to the old normal,0.4824,2024-06-29 21:00:13.835632
Chile's Suazo shown red card in first half of Copa America clash with Canada,0.0,2024-06-29 21:00:13.836657
Canada Day celebrations reach London's Trafalgay Square,0.0258,2024-06-29 21:00:13.836657
Health Canada recalls sunscreen foundation,0.0,2024-06-29 21:00:13.837169
'Maritime Messi' turning heads for Team Canada at Copa America,0.0,2024-06-29 21:00:13.837169
Here's what's open and closed — but more importantly — what's planned for this Canada Day,0.5251,2024-06-29 21:00:13.837683
How many billionaires live in Canada?,0.0,2024-06-29 21:00:13.837683
Canada Day closures in London Ontario | CTV News,0.0,2024-06-29 21:00:13.837683
What's open in Brandon on Canada Day,0.0,2024-06-29 21:00:13.838692
Canada Day 2024: What's open and closed and where to watch the fireworks in Regina,0.0,2024-06-29 21:00:13.838692
What Canada needs to advance to knockout stage at Copa America 2024,0.0,2024-06-29 21:00:13.838692
Canada Day can't be just a celebration,0.0,2024-06-29 21:00:13.838692
Arcfield Canada Awarded $211.9 Contract to Sustain RCAF CF-18 Fleet,0.4019,2024-06-29 21:00:13.838692
"Canada vs. Chile | Jun 29, 2024 | Copa America USA 2024",0.0,2024-06-29 21:00:13.838692
Inside the crisis facing Canada's dysfunctional housing market,-0.6249,2024-06-29 21:00:13.840287
Chile’s Gabriel Suazo given red card in 27th minute vs. Canada,0.0,2024-06-29 21:00:13.840287
Andrew Wiggins’ absence casts shadow over otherwise brilliant day for Canadian men’s national team,0.5859,2024-06-29 21:00:13.840800
"1 person occupied helicopter that crashed in Fort Good Hope, N.W.T.",0.7003,2024-06-29 21:00:13.840800
Tons of fun and activities planned for Canada Day in Strathmore,0.5106,2024-06-29 21:00:13.841313
Olympic Athletics Trials: Paris 2024 excitement brewing in Montreal - Team Canada - Official Olympic Team Website,0.4939,2024-06-29 21:00:13.841824
"What's open, closed for Canada Day",0.0,2024-06-29 21:00:13.841824
Some Canada Day activities cancelled due to heavy rains,-0.25,2024-06-29 21:00:13.842335
Rainy start to Canada Day weekend,-0.0772,2024-06-29 21:00:13.842335
Weekend of celebrating Canada and southwest heritage,0.5719,2024-06-29 21:00:13.842335
Some western Canada Co-op's still closed following cybersecurity incident,0.0,2024-06-29 21:00:13.842335
Mayor declares 'win' as Calgarians answer call to cut water use,-0.2732,2024-06-29 21:00:13.842335
What to know about the rise of tick-borne anaplasmosis in Canada,0.0,2024-06-29 21:00:13.842335
What’s open and closed on Canada Day 2024,0.0,2024-06-29 21:00:13.842335
How to follow CBC's Canada Day 2024 coverage,0.0,2024-06-29 21:00:13.842335
"Canada is a great place, with politicians who have a knack for bad decisions",0.1531,2024-06-29 21:00:13.842335
Okanagan businessman appointed to Order of Canada,0.0,2024-06-29 21:00:13.842335
Nanaimo NightOwls planning fireworks show after Canada Day doubleheader,0.0,2024-06-29 21:00:13.842335
Why hundreds of thousands of people are leaving the city for other parts of Canada,0.0,2024-06-29 21:00:13.842335
Team Canada buying AC units for athletes at Paris Olympics. Why?,0.0,2024-06-29 21:00:13.842335
"Rail workers at CN and CPKC vote to reauthorize strike at railways, says Teamsters",-0.128,2024-06-29 21:00:13.842335
Canada advances to Copa America quarterfinals with draw vs. Chile,0.0,2024-06-29 21:00:13.842335
Winnipeggers say they won't let rain ruin their Canada Day plans,0.4717,2024-06-29 21:00:13.846698
Sask. people talk about what Canada means to them,0.0,2024-06-29 21:00:13.846698
Windsor Celebrates Canada Day With Downtown Arts Fair,0.7184,2024-06-29 21:00:13.847212
Expect to be surprised: Canada Modern exhibit opens at Royal B.C. Museum,0.2263,2024-06-29 21:00:13.847212
Where to celebrate Canada Day around the Lower Mainland,0.3612,2024-06-29 21:00:13.847212
Canada’s new ‘greenwashing’ ban faces challenges from industry and provincial leaders,-0.5106,2024-06-29 21:00:13.848239
Medicine Hat celebrates Canada Day with several planned events; firefighters remind residents of local firework bylaw,0.5719,2024-06-29 21:00:13.848239
"Opinion: As Canada ages, it risks losing the postwar consensus on immigration",-0.5719,2024-06-29 21:00:13.848745
Canada's Fernandez falls to Kasatkina in Rothesay International final,0.0,2024-06-29 21:00:13.848745
Was your WestJet flight cancelled this weekend? Here's what you need to know,-0.25,2024-06-29 21:00:13.848745
What 's the weather looking like for Canada Day?,0.3612,2024-06-29 21:00:13.849275
Westman ready to celebrate Canada Day – Brandon Sun,0.7351,2024-06-29 21:00:13.849275
Why the Bank of Canada will wait until September for its next cut: Dawn Desjardins,-0.2732,2024-06-29 21:00:13.849871
Rainbow refugees increasingly look to Canada for safety,0.4215,2024-06-29 21:00:13.850385
Canada - Chile: Game time and where to watch the 2024 Copa America match tonight,0.0,2024-06-29 21:00:13.850896
Canada Day 2024: Your guide to what's open and closed in the Halifax area,0.0,2024-06-29 21:00:13.850896
"Stock scandals, steelmaking and Last Spikes. Can you pass our Canada Day business quiz?",-0.4939,2024-06-29 21:00:13.850896
Plenty of added motivation for Canada's Olympic-bound senior men's basketball team,0.34,2024-06-29 21:00:13.850896
Canada looks to reach Copa America quarters on TSN,0.0258,2024-06-29 21:00:13.850896
Opinion: Canada Day After: Snapshots from the morning of July 2,0.0,2024-06-29 21:00:13.852398
Strike by WestJet mechanics already affecting Halifax flight schedule,-0.128,2024-06-29 21:00:13.852398
Living past 100: Canada's fastest-growing age group,0.0,2024-06-29 21:00:13.852398
Canada advances to Copa America quarters after gritty draw with Chile,0.0,2024-06-29 21:00:13.852398
Hundreds of flights cancelled as Canada Day weekend strike hits WestJet,-0.3612,2024-06-29 21:00:13.852398
Canada makes history as Chile bows out of Copa,0.0,2024-06-29 21:22:22.271403
"Oy, Canada: Jews feeling 'vulnerable' and 'precarious' ahead of the first July 1 after Oct. 7",0.128,2024-06-29 21:22:22.271403
Argentina defeats Peru in important match for Canada,-0.128,2024-06-29 21:22:22.271403
Canada advances at Copa America with draw against Chile,0.0,2024-06-29 21:22:41.661696
Canada to make first ever appearance at Copa America quarter-final after 0-0 game against Chile,0.0,2024-06-29 22:00:13.835632
Copa America Extended Highlights: Canada vs. Chile - Video,0.0,2024-06-29 22:00:13.837169
Health Canada recalls sunscreen due to possible fungal contamination,0.0,2024-06-29 22:00:13.837683
‘We believe’: Sports world thrilled as Canada moves on at Copa America,0.4404,2024-06-29 22:00:13.837683
Canada's WestJet cancels more flights after failing to reach agreement with union,-0.2878,2024-06-29 22:00:13.842335
Canada vs. Chile Highlights | Copa América 2024,0.0,2024-06-29 22:00:13.842335
Canada advances to Copa America quarterfinals in first appearance after scoreless draw with Chile,0.0,2024-06-29 22:00:13.850896
'The perception of Canada has changed': Kilbane on raised expectations for Canada - Video,0.0,2024-06-29 22:00:13.852398
"As Messi sits, Argentina wins group; Canada also advances to Copa América quarters",0.5719,2024-06-29 22:00:13.852398
More Canadian Army Appointments for 2023 and 2024,0.0,2024-06-29 22:22:22.259078
CBC News Special: Canada Day 2024 (ASL version),0.4019,2024-06-29 22:22:22.259078
Health Canada recalls several lots of sunscreen,0.0,2024-06-29 22:22:22.259078
Canada reach Copa América quarterfinals with Chile draw | MLSSoccer.com,0.0258,2024-06-29 22:22:22.271403
Copa América Recap: Argentina Defeats Peru; Canada Advances,-0.3182,2024-06-29 22:22:22.271403
It wasn't pretty but Canada clawed its way to history at Copa America - Video,-0.2057,2024-06-29 22:22:22.271403
"Canada rewrites history at Copa America, but real work has only just begun",0.0,2024-06-29 23:00:13.834007
Canada awaits winner of Group B for quarterfinal matchup at Copa America,0.6249,2024-06-29 23:00:13.836145
Westjet cancellations mount as strikes continue,-0.3612,2024-06-29 23:00:13.847724
Fun things to do in St. Albert on Canada Day weekend,0.5106,2024-06-29 23:22:22.270845
"Charron, Santavy named to Canada's weightlifting team at Paris Olympics",0.0,2024-06-29 23:22:22.271403
Heat wave in Canada: This is what it was like in St James Town,0.3612,2024-06-29 23:22:22.271403
Canada Day Long Weekend at the Rogers Centre,0.0,2024-06-29 23:22:22.271403
Ottawa Tourism: Things to do in Ottawa during the Canada Day weekend,0.0,2024-06-29 23:22:22.271403
Royal Canadian Air Force Announces New Cell at 7 Wing (Space),0.0,2024-06-29 23:22:22.271403
"Canada calling: Indian students protest new laws, Karan Aujla achieves new milestone; Punjabi youth dies in car crash three months after arriving",-0.5719,2024-06-29 23:22:22.271403
Marsch: Canada 'not satisfied' yet after making Copa America QF,-0.3252,2024-06-29 23:22:41.677606
"CanMNT show ability to get crucial results on the world stage, reach Copa América knockout with Chile draw",0.34,2024-06-30 00:00:13.834007
"Arop, Shukla meet Olympic standard, win 800-metre titles at Canadian track and field trials",0.5859,2024-06-30 00:00:13.836145
Jocelyn Peterman - Team Canada - Official Olympic Team Website,0.0,2024-06-30 00:00:13.836145
Debutants Canada Make History Reaching The Quarterfinal | CONMEBOL Copa América,0.2023,2024-06-30 00:00:13.840287
Canada advances to Copa America quarterfinals with goalless draw vs. Chile,0.0,2024-06-30 00:00:13.842335
Canada Day celebrations taking place across the GTA,0.0,2024-06-30 00:00:13.842335
Nine More Athletes Get their Tickets to Paris,0.0,2024-06-30 00:00:13.847724
What's open and closed in Winnipeg on Canada Day,0.0,2024-06-30 00:22:41.661696
Canada into Copa America quarter-finals after 0-0 draw with 10-man Chile,0.0,2024-06-30 01:00:13.838692
Canada's shifting airline rivalries reflected in changing market share,0.296,2024-06-30 01:00:13.841313
Clearwater ER to be closed for 13 hours this Canada Day weekend,0.0,2024-06-30 01:00:13.849871
Why will Canada have to step it up in the Quarterfinals?,0.0,2024-06-30 01:00:13.852398
10 things to know about Canada Day celebrations in Ottawa,0.0,2024-06-30 01:22:22.259078
"RCMP Remind Motorists To Plan Ahead, Enjoy The Canada Day Weekend Responsibly",0.4939,2024-06-30 01:22:22.271403
Copa América: Canada qualify for quarter-finals as Argentina top Group A,0.2023,2024-06-30 01:22:22.271403
Canada Day events 2024: How to celebrate on Vancouver Island - Victoria Times Colonist,0.5719,2024-06-30 01:22:41.661696
Canada book place in Copa America knockout stages,0.0,2024-06-30 02:00:13.841313
Toronto Ribfest held in Canada,0.0,2024-06-30 02:00:13.841824
"Canada reaches the Copa quarterfinals, but draw with 10-man Chile was more stressful than it should have been",-0.6994,2024-06-30 02:00:13.842335
Canada Day: A list of fireworks displays in Ottawa on July 1,0.0,2024-06-30 02:00:13.847724
"Canada make Copa América statement: ""We're going to enjoy this moment"" | MLSSoccer.com",0.4939,2024-06-30 02:00:13.849275
Canada Olympic track and field trials live results: Updated winners to make 2024 men's and women's teams,0.4767,2024-06-30 02:22:22.259078
Automatic Ontario licence plate renewals start Monday | CTV News,0.0,2024-06-30 02:22:22.259078
Statement on Canada's attendance at UN meeting on Afghanistan,0.0,2024-06-30 13:09:37.464137
Bellevue House National Historic Site,0.0,2024-06-30 13:09:37.466143
Fort Wellington National Historic Site,0.0,2024-06-30 13:09:37.468132
Laurier House National Historic Site,0.0,2024-06-30 13:09:37.469131
"Canada 'sleepwalking' into cashless society, consumer advocates warn",-0.1027,2024-06-30 13:09:37.473814
Weather spoils Canada Day events in Halifax,0.0,2024-06-30 13:09:37.477959
Bethune Memorial House National Historic Site,0.0,2024-06-30 15:21:23.144996
Canada Day celebrations expected to push forward despite rainy weather,0.0572,2024-06-30 15:21:23.144996
"Canada Day 2024: What’s open and closed in Regina, Saskatoon",0.0,2024-06-30 15:21:23.144996
Top pick Zach Edey withdraws from Canadian men's Olympic basketball team to prepare for NBA,0.2023,2024-06-30 15:21:23.146555
American millennial opted for Canadian college and now lives debt-free,0.0,2024-06-30 15:21:23.146744
Where should you go to celebrate Canada Day in B.C.’s South Coast?,0.5719,2024-06-30 15:21:23.146744
What to do in B.C. for Canada Day 2024,0.0,2024-06-30 15:21:23.147613
What's happening in Regina on Canada Day?,0.0,2024-06-30 15:21:23.147613
Canadians feel less proud of being from Canada: poll,0.4228,2024-06-30 15:21:23.150215
"What's open, closed on Canada Day in N.B.?",0.0,2024-06-30 15:21:23.150215
Canada’s WestJet cancels most flights as mechanics strike,-0.34,2024-06-30 15:21:23.151221
Interest rates for B.C. homeowners could be down to 3.25% by end of 2025,0.4588,2024-06-30 15:21:23.152229
"Inflation surprisingly rises, CRA announces legal action and Canada's dysfunctional housing market: Must-read ...",0.4019,2024-06-30 15:21:23.153219
Canada Day Celebrations – Summerside,0.0,2024-06-30 18:48:32.820736
"Canada recalls: Kia, Toyota, Volkswagen, Porsche",-0.6369,2024-06-30 18:48:32.820736
"Ways to celebrate Canada Day in Waterloo region, Guelph on Monday",0.5719,2024-06-30 18:48:32.820736
WestJet cancels more flights over Canada Day long weekend due to mechanics strike,-0.34,2024-06-30 18:48:32.820736
"Protect your pets during Canada Day fireworks, says woman who lost dog last year",0.0772,2024-06-30 18:48:32.820736
Canada Day and the USA's 4th of July Celebrations,0.0,2024-06-30 18:48:32.820736
Track and Field Trials conclude with a wave of new champions,0.5267,2024-06-30 18:48:32.820736
"Canada Day is almost here, and we've got you covered!",0.0,2024-06-30 18:48:32.820736
Windsor's Canada Day Parade returns to downtown for 1st time since 2019,0.0,2024-06-30 18:48:32.820736
Here's how to celebrate Canada Day in the Foothills,0.5719,2024-06-30 18:48:32.820736
"Friends, family, neighbours hop on their bikes for annual Canada Day tradition | CTV News",0.4767,2024-06-30 18:48:32.820736
Four NHL Players Facing Charges In 2018 Team Canada World Juniors Case Become UFAs,-0.2732,2024-06-30 18:48:32.820736
CANADA DAY EVENTS: Here's what's happening in Halton Hills,0.0,2024-06-30 18:48:32.820736
Canada's top soldier still believes in nation's 'latent potential',0.2023,2024-06-30 18:48:32.820736
NHL players from sexual assault case not offered contracts,-0.5859,2024-06-30 18:48:32.820736
WestJet flight cancellations hit tens of thousands of travelers,0.0,2024-06-30 18:48:32.820736
What's open and closed in Hamilton on Canada Day,0.0,2024-06-30 18:48:32.820736
Canada Day fireworks information for Edmonton area | CTV News,0.0,2024-06-30 18:48:32.820736
Special Canada Day video,0.4019,2024-06-30 18:48:32.820736
Fort George hosts free family-friendly Canada Day celebration,0.5106,2024-06-30 18:48:32.820736
"Aaron Brown, Audrey Leduc cap Olympic athletic trials as men's, women's 200-metre champs",0.4215,2024-06-30 18:48:32.820736
"The new airline rivalries: Air Canada vs. Porter, WestJet vs. Flair",0.0,2024-06-30 18:48:32.820736
Want to celebrate Canada Day? Head to the waterfront on Monday,0.6124,2024-06-30 18:48:32.820736
Canada Day: What's open and closed on P.E.I.,0.0,2024-06-30 18:48:32.820736
Environment Canada ends tornado warnings for parts of New Brunswick,-0.296,2024-06-30 18:48:32.820736
Canada’s Zach Edey pulls out of consideration for Olympic team,0.0,2024-06-30 18:48:32.820736
Five free settlement resources for international students in Canada,0.5106,2024-06-30 18:48:32.820736
Some Western Canada Co-ops still closed following cybersecurity incident,0.0,2024-06-30 18:48:32.820736
"Canada has run out of ammo, with no plan to reload: retired general Andrew Leslie",-0.296,2024-06-30 18:48:32.820736
Raymond J. de Souza: Today's Canada smells like social decay,-0.0516,2024-06-30 18:48:32.820736
Sudbury ready to celebrate Canada Day in style,0.7351,2024-06-30 18:48:32.820736
More Canadians are living to 100. Researchers are investigating why,0.0,2024-06-30 18:48:32.836369
"Parade, party in the park for Canada Day in North Delta",0.4019,2024-06-30 18:48:32.836369
Has Canada become the land of extreme inequality? Some believe it more than others,0.0,2024-06-30 18:48:32.836369
"A trade war with China over EVs could slow Canada's low-carbon transition, groups warn",-0.6486,2024-06-30 18:48:32.836369
He moved to Canada 3 years ago and now he's valedictorian at his high school,0.0,2024-06-30 18:48:32.836369
Quebec soccer players part of Canada's historic Copa,0.0,2024-06-30 18:48:32.836369
Canada Day 2024 in Medicine Hat: Here's what to know,0.0,2024-06-30 18:48:32.836369
Are you proud to be Canadian? Poll suggests fewer people are feeling that way,0.5574,2024-06-30 18:48:32.836369
Canada Day fireworks can come with risks. How to stay safe - National | Globalnews.ca,0.2023,2024-06-30 18:48:32.836369
I discovered trail angels are real and a source of incredible kindness on a cross-continental trek,0.4588,2024-06-30 18:48:32.836369
'3D animation in the sky' will replace party in the park for Canada Day,0.4019,2024-06-30 18:48:32.836369
Saskatoon weather: Canada Day campers face flooding at Pike Lake,0.0,2024-06-30 18:48:32.836369
More WestJet flight cancellations as strike hits tens of thousands of travellers,-0.128,2024-06-30 18:48:32.836369
What's open and closed this Canada Day,0.0,2024-06-30 18:48:32.836369
Capital City Canada Day Celebrations,0.0,2024-06-30 18:48:32.836369
Is Walmart open near me on Canada Day? A list of Ontario locations and Canada Day hours,0.0,2024-06-30 18:48:32.836369
Canada Day will see two events in South Delta,0.0,2024-06-30 18:48:32.836369
REMINDER: Mandarin Restaurants offering free buffet on Canada Day,0.5106,2024-06-30 18:48:32.836369
Lots to do this Canada Day,0.0,2024-06-30 18:48:32.836369
WestJet flight cancellations upend travellers' plans over Canada Day long weekend,0.0,2024-06-30 19:48:32.820736
Wings of Honour,0.5719,2024-06-30 19:48:32.836369
Where to see Canada Day fireworks in Montreal,0.0,2024-06-30 20:48:32.820736
Family-friendly activities in store for Central Alberta Canada Day events,0.0,2024-06-30 20:48:32.820736
Canada to face Venezuela in Copa America knockout round,0.0,2024-06-30 21:48:32.820736
Players charged with sexual asssault in Canada cut loose by NHL teams,-0.6369,2024-06-30 21:48:32.836369
"Nunavut rolls out Canada Day parades, barbecues and games",0.0,2024-06-30 22:48:32.820736
"‘I drive, he shoots’: How will Canada’s Murray and Gilgeous-Alexander work as teammates?",0.0,2024-06-30 22:48:32.820736
Canada beats Japan to claim third consecutive IFAF World Junior Championship gold medal,0.7184,2024-06-30 22:48:32.820736
How to celebrate Canada Day in Cochrane,0.5719,2024-06-30 22:48:32.820736
Canada Day: details on Weyburn area events,0.0,2024-06-30 23:48:32.820736
10 things to do in Toronto on Canada Day 2024,0.0,2024-06-30 23:48:32.820736
"North Bay's Canada Day schedule includes a race, live music",0.0,2024-06-30 23:48:32.820736
What's open and closed Canada Day 2024 in Toronto,0.0,2024-06-30 23:48:32.820736
Here's where to watch Canada Day fireworks in Toronto for 2024,0.0,2024-06-30 23:48:32.836369
Region ready to welcome visitors on Canada Day,0.6705,2024-06-30 23:48:32.836369
WestJet strike over as mechanics' union and airline reach tentative agreement,0.4215,2024-07-01 00:48:32.820736
FIBA 3X3 Women's Series Quebec City Semifinals: Canada vs United States,0.4215,2024-07-01 00:48:32.820736
Canada Day photos through the years,0.0,2024-07-01 00:48:32.820736
"How to watch Wimbledon 2024 in Canada: Date, time, TV channel, live stream for tennis grand slam",0.1027,2024-07-01 00:48:32.820736
"House adjourned, and Canada celebrates 157th on July 1",0.5719,2024-07-01 00:48:32.820736
How to attend Canada Day celebrations at LeBreton Flats,0.0,2024-07-01 00:48:32.820736
The Best Places to Visit in Canada—and When to Go,0.6369,2024-07-01 00:48:32.836369
Happy Canada Day! - Trans Mountain Oil Pipeline Just Shy of Target for First-Month Loadings - Canadian Energy ...,0.6239,2024-07-01 01:48:32.820736
CTV National News: Canada advance to quarterfinals,0.0,2024-07-01 01:48:32.820736
CTV National News: Canada Day flights cancelled,-0.25,2024-07-01 01:48:32.836369
Canada's WestJet's union ends strike after reaching deal with carrier,0.0772,2024-07-01 01:48:32.836369
Canada Day Trivia: Blue Jays test their Canadian knowledge,0.0,2024-07-01 02:48:32.820736
"Reflections on Canada, five years in",0.0,2024-07-01 13:09:37.470131
“Canada” Day reflections: Our complicity in genocide,0.0,2024-07-01 13:09:37.475959
Canada Day 2024 Celebrations in Ottawa | CPAC Special,0.4019,2024-07-01 13:09:37.476959
BLOG: Canada's economic stagnation—a big problem for Canadians,-0.4019,2024-07-01 13:14:58.695147
Canada Soccer and Canadian Olympic Committee unveil Women's National Team roster for the Paris Olympic Games,0.0,2024-07-01 13:14:58.695147
"Canada Day in Ottawa 2024: Where to go, what to see?",0.0,2024-07-01 13:14:58.702803
Bianca Andreescu - Team Canada - Official Olympic Team Website,0.0,2024-07-01 13:14:58.704901
I've met people across Canada who responded to my message of joy. But we can all do more to build bridges in these ...,0.34,2024-07-01 13:14:58.705907
BLOG: Canada’s economic stagnation—a big problem for Canadians,-0.4019,2024-07-01 13:38:55.393949
"Canada Day Celebrations at Harris Park - July 01, 2024",0.0,2024-07-01 13:38:55.393949
Statement by the Prime Minister on Canada Day,0.0,2024-07-01 13:38:55.393949
Canada Soccer and Canadian Olympic Committee unveil Women’s National Team roster for the Paris Olympic Games,0.0,2024-07-01 13:38:55.402909
Statement by Minister Miller on Canada Day,0.0,2024-07-01 13:38:55.403692
Trudeau hails Canadian values as celebrations kick off marking Canada Day,0.4019,2024-07-01 13:38:55.403692
Is Canada broken? Not to the diverse crowd at Canada Place's big celebration,-0.4767,2024-07-01 13:38:55.403692
Ottawa gifted glorious weather as thousands celebrate Canada Day 2024,0.836,2024-07-01 13:38:55.419739
Canada Day in Ottawa: Everything you need to know about the 2024 celebrations,0.0,2024-07-01 13:38:55.419739
"Standing Senate Committee on Agriculture and Forestry (44th Parliament, 1st Session)",0.0,2024-07-01 13:38:55.424053
Bianca Andreescu,0.0,2024-07-01 13:38:55.424053
I’ve met people across Canada who responded to my message of joy. But we can all do more to build bridges in these troubled times,-0.3818,2024-07-01 13:38:55.433988
Premier Ford Shares Canada Day Greetings,0.6124,2024-07-01 13:38:55.436490
56 new Canadian citizens honoured at Heritage Park on Canada Day,0.4939,2024-07-01 13:38:55.436490
"Citizenship ceremony, other Canada Day festivities go ahead despite rainy Winnipeg skies",0.5142,2024-07-01 13:38:55.444300
Skyhawks team member seriously injured in Canada Day performance on Parliament Hill,-0.5267,2024-07-01 13:38:55.444300
16 interesting facts about Canada to celebrate Canada Day,0.7506,2024-07-01 13:38:55.452672
In his own words: Prime Minister Justin Trudeau's message on Canada Day,0.0,2024-07-01 13:38:55.456349
Islanders can expect road closures due to Canada Day celebrations,0.0,2024-07-01 13:38:55.456504
Maple leaf rising: Windsor celebrates Canada Day with downtown parade,0.5719,2024-07-01 13:38:55.458917
Drone show to celebrate Canada Day takes off tonight,0.5719,2024-07-01 15:07:54.374376
"Happy Canada Day, everyone! Or is it?",0.6114,2024-07-01 15:21:23.143998
Canada Day 2024: Are there fireworks near you?,0.0,2024-07-01 15:21:23.147613
Golf Canada's Weekly Leaderboard powered by Titleist,0.0,2024-07-01 15:21:23.151221
How some young Canadians are saving money by embracing the digital nomad lifestyle,0.0,2024-07-01 15:21:23.152229
"Canada Day: Celebrations held nationwide, Trudeau hails ‘inclusive’ values",0.4019,2024-07-01 15:44:59.193361
Canada Day 2024: Justin Trudeau's message,0.0,2024-07-01 15:44:59.194361
Canada Day: CBRM event sees large crowd | CTV News,0.0,2024-07-01 15:44:59.198048
Canada's women's soccer team stacked with Olympic champions as Paris roster revealed,0.5267,2024-07-01 15:44:59.198048
Canada Day celebrations marked across the country,0.0,2024-07-01 15:44:59.198048
Chinese woman arrested after allegedly trying to smuggle 29 turtles into Canada,-0.6908,2024-07-01 15:44:59.199098
How Barrie is celebrating Canada Day | CTV News,0.5719,2024-07-01 15:44:59.199098
Canada Day fireworks: Montreal's Old Port to light up the skies tonight,0.0,2024-07-01 15:44:59.199988
PHOTOS: Celebrating Canada Day in downtown London,0.5719,2024-07-01 15:44:59.199988
"Canada Day festivities in London, Ont. | CTV News",0.4767,2024-07-01 15:44:59.199988
Rainy weather alters Canada Day events in Winnipeg | CTV News,-0.0772,2024-07-01 15:44:59.200987
Where to catch fireworks in the Southern Interior this Canada Day,0.0,2024-07-01 15:44:59.200987
Driver dead after two-vehicle Canada Day crash in Brampton,-0.7906,2024-07-01 15:44:59.201986
Canada to face unbeaten Venezuela in Copa America quarterfinal,0.0,2024-07-01 15:44:59.201986
"Tax credit: Canada's GST, HST payments expected in July",0.3818,2024-07-01 15:44:59.203987
Canada Day celebrations today in Maple Ridge and Pitt Meadows,0.0,2024-07-01 15:44:59.204988
Canada Day fun around west-central Saskatchewan,0.5106,2024-07-01 15:44:59.206497
"Strathroy kids' railway knocked out in Canada Day crash, teen charged",-0.5423,2024-07-01 15:44:59.206497
CBC News Special: Canada Day 2024,0.4019,2024-07-01 15:44:59.206497
"Canada Day festivities attract hundreds at ceremonies, parties across the country",0.8074,2024-07-01 15:44:59.207504
N.S. news: Canada Day citizenship ceremony held at Pier 21 | CTV News,0.0,2024-07-01 15:44:59.207504
Canada Day Parade road closures | CTV News,0.0,2024-07-01 15:44:59.207504
"Canada Day: Concerts, speeches, fireworks on tap to mark nationwide festivities",0.4767,2024-07-01 15:44:59.208556
Local Canada Day firework displays | CTV News,0.0,2024-07-01 15:44:59.208556
Canada 3-peats U20 football championships in Edmonton,0.4939,2024-07-01 15:44:59.209629
Opinion: How the 'Balkan Rats' pulled off a Canada Day fly-past of Parliament Hill,0.0,2024-07-01 15:44:59.211505
Jonathan Kay: Don't let politicians misinform you. Learn about Canada's true history for yourself,0.4215,2024-07-01 15:44:59.212502
Happy Canada Day — North Bay celebrates - North Bay News,0.8126,2024-07-01 15:44:59.212502
Canada Day Family Fun Event Moved to Techniplex,0.5106,2024-07-01 15:44:59.213502
In their own words: Prime Minister Justin Trudeau's message on Canada Day,0.0,2024-07-01 15:44:59.213502
"Canada Day in Ottawa: The capital celebrated big this year, here's how",0.5719,2024-07-01 16:40:34.902147
People show their Canada Day pride at city birthday bash,0.34,2024-07-01 16:44:59.208556
Video: Sudbury celebrates Canada's 157th birthday,0.5719,2024-07-01 16:44:59.211505
Rock N Roll Canada Day in Cornwall,0.0,2024-07-01 16:44:59.211505
Red Deer celebrates Canada Day,0.5719,2024-07-01 16:44:59.214513
Canada Day celebrations in Waterloo Region | CTV News,0.0,2024-07-01 17:44:59.196983
"Canada Day at The Forks highlighted reconciliation efforts, even with the rain",0.0,2024-07-01 17:44:59.204988
Canada Day by the Bay celebrated in White Rock,0.5719,2024-07-01 17:44:59.206497
"Saskatoon celebrates Canada Day with eyes cast on past, present and future - Saskatoon | Globalnews.ca",0.5719,2024-07-01 18:07:54.373381
Where are we as Black Catholics in the Canadian Church?,0.0,2024-07-01 18:07:54.376378
Making a Difference Canada Day special from Queen’s Park,0.4019,2024-07-01 18:21:23.153219
Here's what Canada Day celebrations looked like in downtown London,0.3612,2024-07-01 18:40:34.902147
Canada Day celebrations from across the country,0.0,2024-07-01 18:44:59.198048
The Town of Cochrane Celebrates Canada Day,0.5719,2024-07-01 18:44:59.202986
Heritage Park celebrates 60 years and Canada Day,0.5719,2024-07-01 18:44:59.202986
Video shows rapper Rick Ross involved in violent Vancouver melee,-0.5994,2024-07-01 18:44:59.202986
"A sweaty Canada Day brings food, dance and reflection",0.0,2024-07-01 18:44:59.204988
Tens of thousands turn out for Canada Day celebration in Kelowna - Kelowna News,0.0,2024-07-01 18:44:59.207504
"Saskatoon celebrates Canada Day with eyes cast on past, present and future",0.5719,2024-07-01 18:44:59.209629
P.A. comes together to celebrate Canada's 157th birthday,0.5719,2024-07-01 18:44:59.213502
Crowds crank up Canada Day fun despite weather-related cancellations – Winnipeg Free Press,0.765,2024-07-01 19:40:34.902147
What is Canada Day and how is it celebrated? The answer is more complicated than some might think,0.5719,2024-07-01 19:44:59.194361
"Winnipeggers express what Canada means to them, from freedom to the need for reflection",0.6369,2024-07-01 19:44:59.195361
CBC / Canada Day: Feel the Rhythm!,0.0,2024-07-01 19:44:59.198048
Yellowknife celebrates Canada Day,0.5719,2024-07-01 19:44:59.211505
"Where to watch Canada Day fireworks: Hamilton, Halton, Niagara",0.0,2024-07-01 19:51:59.295902
Canada Day 2024 in Calgary,0.0,2024-07-01 20:44:59.196361
Huge Canada Day party and parade at Little Lake (15 photos),0.6124,2024-07-01 20:44:59.206497
VIDEO: Fort William Historical Park celebrates Canada Day,0.5719,2024-07-01 20:44:59.209629
B.C. celebrates Canada Day 2024,0.5719,2024-07-01 20:44:59.209629
VIDEO: Aldergrove wishes Canada happy 157th birthday,0.6486,2024-07-01 20:44:59.212502
Justin Trudeau's 2024 Canada Day message,0.0,2024-07-01 21:07:54.367734
Canada Day celebrations in Ottawa draw thousands,0.0,2024-07-01 21:44:59.199098
Greater Victoria hosts several Canada Day celebrations,0.3612,2024-07-01 21:44:59.200987
New Canadians among thousands celebrating Canada Day in Vancouver,0.5719,2024-07-01 21:44:59.201986
Squamish SAR attended multiple rescue missions on Canada Day,0.5106,2024-07-01 21:44:59.204988
New Canadian citizens share what Canada Day means to them,0.296,2024-07-01 21:44:59.206497
Prince Albert turns Kinsmen Park red and white for Canada Day,0.0,2024-07-01 21:44:59.214513
Canada Day Barrhaven,0.0,2024-07-01 22:44:59.192362
Canada Day is perfect excuse to dress in red and white,0.6124,2024-07-01 22:44:59.195361
CANADA DAY 2024!,0.0,2024-07-01 22:44:59.202986
VIDEO: How Langley celebrated Canada Day,0.5719,2024-07-01 22:44:59.202986
Rainy weather doesn't dampen Canada Day enthusiasm,0.3818,2024-07-01 22:44:59.207504
"Despite rain, Canada Day celebrations move ahead in Winkler, Emerson and Altona",0.0,2024-07-01 22:44:59.209629
Blue River hosts another successful Canada Day,0.5859,2024-07-01 22:44:59.210606
Man dead after falling from equipment during Canada Day parade: Fort Vermillion RCMP,-0.7096,2024-07-01 22:44:59.213502
Canada Day fireworks dazzle on the Sault waterfront,0.0,2024-07-01 22:51:59.295902
Sudbury's Cloe Lacasse named to Canada's Olympic soccer team,0.0,2024-07-01 23:44:59.203987
Celebrating Canada Day,0.5719,2024-07-01 23:44:59.204988
Tuesday TigerBlog - Oh Canada - Princeton University Athletics,0.0,2024-07-01 23:44:59.209629
'Big Brother Canada' cancelled by Corus Entertainment after 12 seasons,0.2023,2024-07-02 00:07:54.372372
What's open and closed on Canada Day?,0.0,2024-07-02 00:44:59.194361
Watch Edmonton's Canada Day fireworks live,0.0,2024-07-02 00:44:59.195361
[PHOTOS]: City of Weyburn's Canada Day Fireworks,0.0,2024-07-02 00:44:59.204988
Thousands set to gather downtown for Canada Day celebrations,0.0,2024-07-02 00:44:59.210606
Quick action locates vulnerable man amid Kelowna Canada Day crowds,-0.2263,2024-07-02 00:51:59.295902
Photos: Port Coquitlam celebrates Canada Day,0.5719,2024-07-02 01:44:59.196983
Citizenship ceremony goes ahead despite rainy Canada Day,0.0572,2024-07-02 01:44:59.202986
What can Rodriguez take away after 'encouraged' start on Canada Day,0.0,2024-07-02 01:44:59.214513
Amelia Smart - Team Canada - Official Olympic Team Website,0.4019,2024-07-02 02:21:23.139421
Watch Edmonton's Canada Day fireworks,0.0,2024-07-02 02:44:59.196983
CTV National News: Canada's 157th birthday,0.0,2024-07-02 02:44:59.210606
Canada's Tajon Buchanan to undergo surgery after breaking tibia in training,0.0,2024-07-02 13:09:04.686801
News,0.0,2024-07-02 13:09:37.461614
Team Canada's Paris 2024 athletics team unveiled - Team Canada - Official Olympic Team Website,0.0,2024-07-02 13:09:37.469131
"Canada, U.S. car dealerships to be back online this week after cyberattacks",0.0,2024-07-02 13:09:37.476959
Team Canada's Paris 2024 athletics team unveiled,0.0,2024-07-02 13:14:58.693093
Canada announces women's basketball roster heading to Paris,0.0,2024-07-02 13:14:58.695147
"Globe editorial: Harjit Sajjan failed Canada, and Canadians",-0.5106,2024-07-02 13:14:58.700099
SkyHawks member seriously injured in Canada Day parachute performance on Parliament Hill,-0.5267,2024-07-02 13:14:58.709804
"Canada's Buchanan suffers broken tibia, will have surgery on Wednesday",-0.7351,2024-07-02 13:14:58.712419
Team Canada’s Paris 2024 athletics team unveiled,0.0,2024-07-02 13:38:55.393949
Deachman: I played a Canada Day treasure hunt of my own design. It was harder than expected,0.5574,2024-07-02 13:38:55.399074
Lachine Canal National Historic Site,0.0,2024-07-02 13:38:55.403692
Canada winger Tajon Buchanan to undergo surgery after breaking tibia in training,0.0,2024-07-02 13:38:55.403692
Team Canada announces women’s basketball roster heading to Paris 2024,0.0,2024-07-02 13:38:55.403692
United States looking at all options to respond to Canada's digital services tax,0.4215,2024-07-02 13:38:55.403692
A big Team Canada athletics team seeks a big medal haul at Paris 2024,0.4767,2024-07-02 13:38:55.414138
5 more alleged senior members of Iranian regime face deportation from Canada,0.0,2024-07-02 13:38:55.414138
"Harjit Sajjan failed Canada, and Canadians",-0.5106,2024-07-02 13:38:55.419607
Leylah Annie Fernandez,0.0,2024-07-02 13:38:55.424053
22nd Annual Report on Government of Canada Public Opinion Research Activities,0.0,2024-07-02 13:38:55.424053
Riel House National Historic Site,0.0,2024-07-02 13:38:55.424053
Celebrating becoming Canadian on Canada Day with Canada’s baseball team,0.5719,2024-07-02 13:38:55.429171
Man dead after falling from equipment during Canada Day parade in northern Alberta: RCMP,-0.7096,2024-07-02 13:38:55.429171
Canada’s Tajon Buchanan to undergo surgery after breaking tibia in training,0.0,2024-07-02 13:38:55.433988
Canada urges citizens to avoid travel to Haiti and other Caribbean nations due to Hurricane Beryl,-0.296,2024-07-02 13:38:55.436490
"Canadian dead in Ireland, Global Affairs Canada says",-0.6486,2024-07-02 13:38:55.436490
Nova Scotia Department of Finance - Economics and Statistics,0.0,2024-07-02 13:38:55.444300
Skyhawks member injured in Canada Day performance,-0.4019,2024-07-02 13:38:55.448917
Many popular heat pump models recalled due to overheating risk,0.1779,2024-07-02 13:38:55.455244
Man throwing candy in northern Alberta Canada Day parade dies after fall,0.0,2024-07-02 13:38:55.456504
Tasha Kheiriddin: Trudeau's Canada Day message fell as flat as his polling numbers,0.0,2024-07-02 13:38:55.457807
"IRCC issues 1,800 invitations to apply in Express Entry draw for trade occupations",0.0,2024-07-02 13:38:55.458917
"Prime Minister to travel to Washington, D.C., for NATO Summit",0.0,2024-07-02 13:38:55.458917
Canada to Consider Blocking Factories in Pushback on Chinese EVs,-0.3818,2024-07-02 13:38:55.458917
"Fireworks shot at Ontario councillor on Canada Day, hit ‘right in the ear’",0.0,2024-07-02 13:38:55.458917
Canadian Paralympic Committee to illuminate 50+ landmarks across Canada to celebrate 50 Days to Paris 2024 ...,0.5719,2024-07-03 13:14:58.707911
Canada records third straight monthly trade deficit in May,-0.2023,2024-07-03 13:30:26.727575
Canadian Dream? High housing costs has two-in-five recent immigrants saying they may leave their province (or ...,0.2023,2024-07-03 13:38:40.392380
Match day roster taking on Scotland in Ottawa named for Canada's Men's Rugby Team,0.0,2024-07-03 13:38:40.392380
"Measuring Progressivity in Canada's Tax System, 2024",0.0,2024-07-03 13:38:40.395919
Joint statement by Prime Minister Trudeau and President von der Leyen on the association of Canada to Horizon ...,0.0,2024-07-03 13:38:40.398942
Housing affordability in Canada: Economist busts these 4 myths,0.0,2024-07-03 13:38:40.401940
Linda Morais - Team Canada - Official Olympic Team Website,0.0,2024-07-03 13:38:40.403449
Phil Wizard set to rep Team Canada in breaking at Paris 2024,0.0,2024-07-03 13:38:40.403449
The main question: How reliable is Canada's waterworks infrastructure?,0.0,2024-07-03 13:38:40.404458
First-ever breaking athlete named to Canadian Olympic Team - Team Canada - Official Olympic Team Website,0.0,2024-07-03 13:38:40.404458
Building and modernizing community infrastructure in Montréal | Prime Minister of Canada,0.0,2024-07-03 13:38:40.406469
Lt.-Gen. Jennie Carignan named Canada's first female chief of the defence staff,0.1027,2024-07-03 13:38:40.406469
"Health Canada recalls Daikin, Amana, Goodman heat pumps",0.0,2024-07-03 13:38:40.408470
Canadian Armed Forces: First woman to hold top job,0.2023,2024-07-03 13:38:40.409471
'Amazing Race Canada' Season 10: Eliminated Trystenne Burey and Eva Amo-Mensah on 'scary' Roadblock ...,0.5859,2024-07-03 13:38:40.410470
Embassy takes down AI-generated Canada Day social media post | RCI,0.0,2024-07-03 13:38:40.411479
Hurricane Beryl tracker: Canada issues warning,-0.34,2024-07-03 13:38:40.412475
Can AI solve Canada’s productivity crisis?,-0.5106,2024-07-03 13:38:40.413474
Canadian Paralympic Committee to illuminate 50+ landmarks across Canada to celebrate 50 Days to Paris 2024 Paralympic Games,0.5719,2024-07-03 13:38:55.436490
"Standing Committee on Audit and Oversight (44th Parliament, 1st Session)",0.0,2024-07-03 13:52:59.822753
"Measuring Progressivity in Canada’s Tax System, 2024",0.0,2024-07-03 13:52:59.822753
Skate Canada Names 25 Athletes & Three Synchronized Skating Teams to 2024-2025 National Team,0.0,2024-07-03 13:52:59.822753
Match day roster taking on Scotland in Ottawa named for Canada’s Men’s Rugby Team,0.0,2024-07-03 13:52:59.822753
Canadian Dream? High housing costs has two-in-five recent immigrants saying they may leave their province (or Canada),0.2023,2024-07-03 13:52:59.822753
Lt.-Gen. Jennie Carignan named Canada's newest chief of the defence staff,0.1027,2024-07-03 13:52:59.827892
Joint statement by Prime Minister Trudeau and President von der Leyen on the association of Canada to Horizon Europe,0.0,2024-07-03 13:52:59.827892
Lt.-Gen. Jennie Carignan will be Canada’s 1st female defence chief,0.1027,2024-07-03 13:52:59.827892
Nearly 40% of new Canadians say they're considering leaving their province — or Canada — over high housing costs,0.0,2024-07-03 13:52:59.827892
"McMaster faculty, alumni and community members named to Order of Canada",0.0,2024-07-03 13:52:59.827892
MP Housefather denounces antisemitic poster telling him to 'get out of Canada',-0.4404,2024-07-03 13:52:59.827892
Greece is bringing in a 6-day work week. Could Canada follow?,0.0,2024-07-03 13:52:59.827892
"Short sellers target Air Canada as costs rise, travel demand weakens",-0.4215,2024-07-03 13:52:59.827892
"For the first time ever, Canada appoints woman as top soldier",0.2023,2024-07-03 13:52:59.827892
Canada Soccer Announces #CANWNT Preparation Camp Presented by CIBC,0.0,2024-07-03 13:52:59.827892
Is Hurricane Beryl a sign of the ‘threat’ to come for Atlantic Canada?,0.0,2024-07-03 13:52:59.827892
Canada's housing crisis has nearly 40% of immigrants considering moving: Poll,-0.6249,2024-07-03 13:52:59.827892
UEFA Euro 2024 quarter-finals lead into Canada vs. Venezuela Friday on TSN,0.0,2024-07-03 13:52:59.832523
"Saskatchewan and Alberta lag behind rest of Canada on climate policy, report says",-0.34,2024-07-03 13:52:59.832736
Posthaste: Economist 'busts some myths' about housing affordability in Canada,0.0,2024-07-03 13:52:59.832736
First-ever breaking athlete named to Canadian Olympic Team,0.0,2024-07-03 13:52:59.832736
Canada and NATO at 75: Enmeshment Diplomacy Redux,0.0,2024-07-03 13:52:59.832736
Canada’s Tajon Buchanan has surgery after breaking tibia in training,0.0,2024-07-03 13:52:59.832736
Lt.-Gen. Jennie Carignan named Canada’s first female chief of the defence staff,0.1027,2024-07-03 13:52:59.832736
"Opinion: Canada needs a clearer and more co-ordinated mining strategy, and quickly",0.0,2024-07-03 13:52:59.832736
Linda Morais,0.0,2024-07-03 13:52:59.832736
The main question: How reliable is Canada’s waterworks infrastructure?,0.0,2024-07-03 13:52:59.832736
Thousands of heat pumps recalled over risk of 'excessive heat exposure',-0.2732,2024-07-03 13:52:59.832736
Building and modernizing community infrastructure in Montréal,0.0,2024-07-03 13:52:59.832736
Ukrainian best friends separated by war reunite over Canada Day long weekend,0.5267,2024-07-03 13:52:59.832736
Proof point: Rental housing construction picks up in Canada but will it be enough?,0.0,2024-07-03 13:52:59.832736
Breaking standout Phil Wizard set to rep Team Canada at Paris 2024,0.0,2024-07-03 13:52:59.832736
Canada officially joins Horizon Europe,0.0,2024-07-03 13:52:59.832736
Can artificial intelligence solve Canada’s productivity crisis?,-0.0516,2024-07-03 13:52:59.837879
Embassy takes down AI-generated Canada Day social media post,0.0,2024-07-03 13:52:59.837879
Vestas secures 347 MW EnVentus order in Canada,0.3182,2024-07-03 13:52:59.837879
"'Amazing Race Canada' Season 10: Eliminated Trystenne Burey and Eva Amo-Mensah on 'scary' Roadblock, challenge switch",0.6249,2024-07-03 13:52:59.837879
Canada issues travel warning as Hurricane Beryl tears through region,-0.5106,2024-07-03 13:52:59.837879
Hundreds of rejections a 'hard reality' for high school students looking for summer jobs,-0.5423,2024-07-03 13:52:59.837879
"Lt.-Gen. Jennie Carignan named chief of the defence staff, first woman to hold CAF's top job",0.296,2024-07-03 13:52:59.837879
Cost of living has immigrants considering leaving Canada: poll,0.0,2024-07-03 13:52:59.837879
Secret unhappy ending to story told in uplifting Oscar-winning film is revealed in Canadian court battle,-0.6597,2024-07-03 13:52:59.837879
"As Canada braces for a raging summer, Indigenous communities remain displaced",-0.5267,2024-07-03 13:52:59.837879
Amazing Race Canada: Saskatoon father son team excited to make mark,0.7351,2024-07-03 14:30:26.726562
Woman who fled former white supremacist husband denied refugee status,-0.34,2024-07-03 14:38:40.408470
"“We don't want it to catch on like wildfire,” says Health Canada on clinics charging patients",0.3134,2024-07-03 14:38:40.413474
Auger-Aliassime Sputters Out Against Kokkinakis at Wimbledon,0.0,2024-07-03 14:38:40.413474
CDS Message: Appointment of the new Chief of the Defence Staff,0.1027,2024-07-03 14:38:55.444300
NAV CANADA bargaining is underway,0.0,2024-07-03 14:52:59.827892
"Hatch recalls over 44,300 power adapters in Canada over shock hazard",-0.3818,2024-07-03 14:52:59.827892
"Manitoba RCMP, STARS respond to Trans-Canada Highway crash near Carberry",-0.4019,2024-07-03 14:52:59.832736
"Opinion: Blood nickel: What electric-vehicle hunger has wrought, and how Canada can help",0.1779,2024-07-03 14:52:59.837879
"“We don’t want it to catch on like wildfire,” says Health Canada on clinics charging patients",0.4215,2024-07-03 14:52:59.837879
Prime Day 2024 Canada daily updates: Best deals for July 3,0.6369,2024-07-03 15:38:40.399940
"Canada 'sleepwalking' into cashless society, consumer advocates warn | RCI",-0.1027,2024-07-03 15:38:40.405453
"Opinion: With industrial policy, Ottawa intervenes in the economy to Canada's detriment",0.0,2024-07-03 15:38:40.407470
U of T study highlights tension between Canada’s climate and housing goals,-0.3182,2024-07-03 15:38:55.403692
"Opinion: With industrial policy, Ottawa intervenes in the economy to Canada’s detriment",0.0,2024-07-03 15:38:55.464060
"City issues 852 parking tickets, four bylaw charges on Canada Day",-0.2732,2024-07-03 15:52:59.822753
MP Anthony Housefather denounces poster telling him to ‘get out of Canada’,-0.4404,2024-07-03 15:52:59.822753
July 3: Early Amazon Prime Day deals already available in Canada,0.1779,2024-07-03 15:52:59.827892
"Canada ’sleepwalking’ into cashless society, consumer advocates warn | RCI",-0.1027,2024-07-03 15:52:59.832736
Canada-wide warrant issued for Regina homicide suspect,-0.296,2024-07-03 15:52:59.832736
15 arrested in Kelowna for being drunk in public on Canada Day: RCMP,-0.6705,2024-07-03 15:52:59.832736
U of T study highlights tension between Canada's climate and housing goals,-0.3182,2024-07-03 16:14:58.698199
This is why an alarming number of immigrants want to leave Canada,-0.0258,2024-07-03 16:30:26.727575
Six-day work week in Canada: Would Greek plan work here?,0.0,2024-07-03 16:38:40.394051
Charges laid on Canada Day week | CTV News,-0.2732,2024-07-03 16:38:40.396925
15 arrested in Kelowna for being drunk in public on Canada Day: RCMP - Okanagan | Globalnews.ca,-0.6705,2024-07-03 16:38:40.407470
Canada's widespread drought may fuel the upcoming wildfire season,0.0,2024-07-03 16:38:40.412475
Is Greece's six-day work week an option in Canada? An expert weighs in,0.0,2024-07-03 16:52:59.822753
"Almost 18,000 charges laid in Ontario during Canada Day campaign",-0.2075,2024-07-03 16:52:59.827892
Irish prime minister 'appalled' by Montreal tourist's death after alleged assault,-0.8271,2024-07-03 16:52:59.832736
Canadian doctor will join Virgin Galactic research space crew,0.296,2024-07-03 16:52:59.832736
Study highlights tension between Canada's climate and housing goals,-0.3182,2024-07-03 16:52:59.837879
Canada’s widespread drought may fuel the upcoming wildfire season,0.0,2024-07-03 16:52:59.837879
Here's how many medals Canada might win at the Olympics,0.5859,2024-07-03 16:52:59.837879
Nova Scotia Department of Finance - Statistics,0.0,2024-07-03 17:38:40.399940
Official visit to Newfoundland and Labrador | The Governor General of Canada,0.0,2024-07-03 17:38:40.408470
"Despite the U.S. Supreme Court's gift to Donald Trump, he may be barred from Canada as a convicted felon",-0.0062,2024-07-03 17:38:40.409471
Canada makes first cuts to men’s Olympic basketball roster,-0.296,2024-07-03 17:52:59.822753
Finance and Treasury Board,0.2023,2024-07-03 17:52:59.827892
FIBA Women's 3x3 Series Fribourg quarterfinals: Canada vs. China,0.0,2024-07-03 17:52:59.832736
B.C. told to brace for heat wave starting this weekend,0.0,2024-07-03 17:52:59.837879
"Despite the U.S. Supreme Court’s gift to Donald Trump, he may be barred from Canada as a convicted felon",-0.0062,2024-07-03 17:52:59.837879
Canadians with Caribbean ties scramble to escape powerful Hurricane Beryl,0.5423,2024-07-03 17:52:59.837879
Official visit to Newfoundland and Labrador,0.0,2024-07-03 17:52:59.837879
"Brissett, Alexander released from Canada's Olympic men's basketball training camp",0.0,2024-07-03 18:38:55.429171
Regina police issue Canada-wide warrant for man wanted for homicide,0.0,2024-07-03 18:52:59.827892
'Amazing Race Canada' Season 10 host Jon Montgomery teases the 'most physically capable group',0.6682,2024-07-03 18:52:59.832736
Chemainus celebrates Canada Day,0.5719,2024-07-03 18:52:59.832736
"Brissett, Alexander released from Canada’s Olympic men’s basketball training camp",0.0,2024-07-03 18:52:59.837879
Chemainus celebrates Canada Day - Ladysmith Chemainus Chronicle,0.5719,2024-07-03 19:30:26.714364
Two young Indian men identified as victims of West Vancouver crash,-0.6124,2024-07-03 19:52:59.827892
"Refugees need to repay for flight to Canada after arriving, but it's not that easy",-0.4782,2024-07-03 19:52:59.827892
"Work more, not less: Could Canada follow Greece’s 6-day workweek?",0.0,2024-07-03 19:52:59.832736
Montréal fossil fuel ban will impact 82 municipalities,-0.5574,2024-07-03 20:52:59.827892
Canada's Felix Auger-Aliassime drops delayed 1st round match at Wimbledon,-0.2263,2024-07-03 21:08:58.431484
Canada Enacts Digital-Services Tax Despite US Retaliation Threat,0.4168,2024-07-03 21:52:59.827892
Can Trump come to Canada now that he's a convicted felon?,0.0,2024-07-03 22:52:59.822753
Key wildfire triggers in Canada and tips to prevent their ignition,0.0258,2024-07-03 22:52:59.827892
If Canada axed its carbon tax — and rebates — this is how different households would gain or lose,-0.1531,2024-07-03 22:52:59.827892
Haney Neptunes host Canada Day water polo tourney in Maple Ridge,0.0,2024-07-03 22:52:59.832736
Canada-wide warrant issued for homicide suspect,-0.296,2024-07-03 22:52:59.832736
PAPS confirms investigation underway following circulation of social media post about Canada Day assault,-0.5859,2024-07-03 22:52:59.837879
Canadian Gagné returns to Dodgers' mound on 20th anniversary of 84 consecutive saves streak,0.0,2024-07-03 22:52:59.837879
Humber College - Humber alumnus named to the Order of Canada,0.0,2024-07-03 23:38:40.405453
The Evolving Competition Law Landscape in Canada,0.0,2024-07-03 23:52:59.822753
Canada issues travel advisory due to hurricane,0.0,2024-07-03 23:52:59.827892
Canadian women to face Australia in preparation for Olympic title defence,0.1027,2024-07-03 23:52:59.832523
Canada's Bianca Andreescu advances to 3rd round of Wimbledon,0.0,2024-07-03 23:52:59.832736
Summer wildfires remain a risk in Canada after milder start to season,-0.2732,2024-07-03 23:52:59.832736
HUMBER COLLEGE Humber alumnus named to the Order of Canada,0.0,2024-07-03 23:52:59.832736
First Nation community in Canada finds 187 possible children's graves,-0.743,2024-07-04 00:38:40.392380
First Nation community in Canada finds 187 possible children’s graves,-0.743,2024-07-04 00:52:59.822753
12 women named to Canada's Olympic basketball team,0.0,2024-07-04 00:52:59.827892
Vikes hoops teams open on road as changes come to Canada West schedule,0.0,2024-07-04 00:52:59.832736
Langford-based Canadian rugby team set to take on Scotland,0.0,2024-07-04 00:52:59.832736
Junior Pan Ams - Daily Updates,0.0,2024-07-04 01:38:40.394919
Junior Pan Ams – Daily Updates,0.0,2024-07-04 01:52:59.822753
"Opening day sees young talent on full display in host city Surrey, Canada",0.4215,2024-07-04 01:52:59.827892
Greenwashing in Canada: New rules to come,-0.1027,2024-07-04 12:56:44.390361
Canada's services PMI falls to three-month low in June,-0.2732,2024-07-04 12:56:44.390361
First GST/HST credit payment from 2023 tax returns set to arrive July 5,0.3818,2024-07-04 12:56:44.390361
Bruce Pardy: Corporate Canada betrayed capitalism. Now it has been betrayed,-0.8402,2024-07-04 12:56:44.390361
"Liberal government enacts controversial digital services tax, raising trade concerns",-0.2023,2024-07-04 13:06:16.151326
Permanent Residence in Canada is not guaranteed for international students,0.0,2024-07-04 13:06:16.151326
"What is Canada's online harms bill, and what will it cost?",-0.4939,2024-07-04 13:06:16.151326
Workers at Canada Border Services Agency ratify tentative agreement for more than 9000 workers,0.4939,2024-07-04 13:06:16.151326
Team Canada's women's water polo team seeks to make a splash at Paris 2024,0.0,2024-07-04 13:06:16.151326
U of T community members recognized with Order of Canada,0.0,2024-07-04 13:06:16.151326
Canada airline WestJet cancels more than 400 flights after a surprise strike by mechanics union,-0.0772,2024-07-04 13:06:16.161088
Hush supports Canadian Olympic Athletes at Paris 2024 - Team Canada - Official Olympic Team Website,0.3612,2024-07-04 13:06:16.162262
"Scorching July heat, first 40°C day makes its way to Canada",0.0,2024-07-04 13:06:16.163265
Alice Munro Was Bigger than Canada,0.0,2024-07-04 13:06:16.163265
How big tobacco got away with not paying out a cent in Canada,0.0,2024-07-04 13:06:16.164397
"Cambridge gymnastics coach's lifetime ban upheld in 'precedent setting' case, lawyer says",-0.5574,2024-07-04 13:06:16.165507
Members of UM community appointed to Order of Canada,0.0,2024-07-04 13:06:16.165507
Canada Issues 1800 Express Entry Invitations to Apply (ITAs) For Trade Occupations (Version 1),0.0,2024-07-04 13:06:16.166560
Paul Bennett: Officials' denialism is fuelling school violence in Canada,-0.6249,2024-07-04 13:06:16.166560
Rogers awarded Canada's fastest and most reliable internet,0.4019,2024-07-04 13:06:16.166560
"TSB says parts failure responsible for fatal helicopter crash in Fort Good Hope, N.W.T.",-0.34,2024-07-04 13:06:16.171070
How does Canada really feel about America? These 10 songs reveal a range of feelings,0.0,2024-07-04 13:06:16.171070
"Venezuela-Canada: TV, time and how to watch Copa America game",0.0,2024-07-04 13:06:16.171070
I love my hometown and I'm sick of people calling it 'a hole',0.2263,2024-07-04 13:06:16.171070
Studying in Canada? Get Support with Increased Awards from the CAEL Scholarships!,0.7959,2024-07-04 13:06:16.171070
Team Canada's Paris 2024 women's water polo team unveiled - Team Canada - Official Olympic Team Website,0.0,2024-07-04 14:06:16.161022
Masters Update: Canadians Shine on Canada Day,0.0,2024-07-04 14:06:16.161088
Canada Enacts Digital-Services Tax Amid US Reprisal Threat,-0.5267,2024-07-04 14:06:16.163265
"New COVID-19 subvariant group 'FLiRT' is now dominant in Canada. What to know about symptoms, vaccines & more",0.0,2024-07-04 14:06:16.165507
Many Canadians in their 20s and 30s are delaying having kids — and some say high rent is a factor,0.0,2024-07-04 14:06:16.166560
Professor Jonathan Rose appointed to the Order of Canada,0.0,2024-07-04 14:06:16.166560
Hurricane Beryl forces Canadian airlines to cancel flights. What to know,-0.25,2024-07-04 14:06:16.166560
"Canada Revenue Agency posts, then deletes, series of tweets related to animated film series",0.0,2024-07-04 14:56:44.390361
Some bad news for people who carry Canada's best credit card,0.5106,2024-07-04 15:06:16.151326
Canada Conservatives paid $8.5M on advertising in 2023,0.0,2024-07-04 15:06:16.151326
Canada to deport one of Iran's Larijani brothers after granting him PR status,0.3182,2024-07-04 15:06:16.151326
Streaming giants launch multiple legal challenges to Bill C-11 payments in Canada,0.2023,2024-07-04 15:06:16.164397
Graffiti removed from new North Bay Canada Place,0.0,2024-07-04 15:06:16.166560
Why Canada must act urgently to give undocumented migrants legal status,0.128,2024-07-04 16:06:16.151326
Bank of Canada's June rate cut was like bringing a butter knife to a gunfight,0.1027,2024-07-04 16:06:16.151326
"David Vigneault, director of Canada’s spy agency, to retire",0.0,2024-07-04 16:06:16.162262
"Netflix, Paramount Ask Canada Court to Amend New Trudeau Tax",0.0,2024-07-04 16:06:16.166560
Saskatchewan files for injunction over Canada Revenue Agency collecting carbon money,0.0,2024-07-04 16:06:16.171070
Canada leans on water polo captain Emma Wright in quest for best Olympic finish since 2000,0.6369,2024-07-04 16:56:44.390361
Canada’s digital services tax is here. How could it affect you?,0.0,2024-07-04 17:06:16.151326
Parks Canada considers visitor restrictions for Lake Louise area,0.0,2024-07-04 17:06:16.151326
'Absolutely un-Canadian': Pro-Palestinian protest at Israel vs. Canada softball game,-0.3102,2024-07-04 17:06:16.151326
Streaming giants challenge new Canadian revenue-sharing rules,0.0772,2024-07-04 17:06:16.151326
Canada’s national junior team is headed to Windsor.,0.0,2024-07-04 17:06:16.151326
Leylah Annie Fernandez - Team Canada - Official Olympic Team Website,0.0,2024-07-04 17:06:16.151326
Canada puts up $120M for program to help semiconductor startups get going,0.4019,2024-07-04 17:06:16.166560
Copa America Preview: Canada faces tough test in young Venezuela squad,-0.128,2024-07-04 18:06:16.151326
Environment Canada issues multiple heat warnings for B.C.,-0.296,2024-07-04 18:06:16.151326
Meet the man behind Canada's leading renewable energy co-op,0.2732,2024-07-04 18:06:16.161088
N.B. news: Saint Andrews suffered power outage on Canada Day | CTV News,-0.4939,2024-07-04 18:06:16.164397
"Mi’kmaw Nation, Parks Canada sign agreement to establish new national park reserve",0.4939,2024-07-04 18:06:16.164397
Shapovalov pulls off victory in Wimbledon 2nd round after blowing 2-set lead,0.0,2024-07-04 18:06:16.165507
Canadian grain industry promoter faces questions from its members over plan to build $100M facility in Winnipeg,0.0,2024-07-04 18:06:16.166560
July is Canada’s most active tornado month. What can we expect?,0.4576,2024-07-04 18:06:16.166560
Quebec calls on Supreme Court justice to recuse himself from secularism law case,0.7906,2024-07-04 18:06:16.171070
How will the outcome of the UK election impact Canada?,0.0,2024-07-04 18:06:16.171070
CSIS director David Vigneault stepping down after seven years on the job,0.0,2024-07-04 18:06:16.171070
Protesters 'denounce' presence of Israel at Canada Cup in South Surrey,-0.2263,2024-07-04 18:06:16.171070
Head of Canada's spy agency announces he's stepping down from the job,0.0,2024-07-04 19:06:16.151326
Minimum wage increases in Canada receive mixed reviews,0.0,2024-07-04 19:06:16.151326
Canada to host the 70th annual NATO session in Montreal,0.0,2024-07-04 19:06:16.151326
Canada beats Slovenia to reach FIBA World Cup semifinals as Doncic gets ejected,0.0258,2024-07-04 19:06:16.151326
Anti-Israel protest in B.C. displays swastika at tournament,-0.25,2024-07-04 19:06:16.164397
Environment Canada issues multiple warnings as B.C. braces for weekend heat,-0.296,2024-07-04 19:06:16.165507
North Bay news: Newly opened Waterfront Canada Place vandalized,0.0,2024-07-04 19:06:16.166560
Glencore Coal Deal Approved by Canada as Teck Plans Buyback,0.4215,2024-07-04 19:06:16.166560
Hundreds of tickets handed out by RCMP over Canada Day long weekend,0.0,2024-07-04 19:06:16.166560
Pro-Palestine group protests Israel game at Canada Cup softball,-0.2263,2024-07-04 20:06:16.151326
Canada coach Marsch disappointed with U.S. performance at Copa America,-0.4767,2024-07-04 20:06:16.163265
Why a promise for goals and new rallying cry give Canada hope in Copa America quarters against Venezuela,0.2732,2024-07-04 20:06:16.163265
"Venezuela vs. Canada prediction, odds, betting tips and best bets for Copa America 2024 quarterfinal",0.6369,2024-07-04 20:06:16.166560
Liberal national caucus chair shuts down request by MPs for summer meeting over byelection loss,-0.3182,2024-07-04 20:06:16.166560
Canada enacts controversial digital services tax,-0.2023,2024-07-04 21:06:16.151326
Canada out to continue surprising Copa run against Venezuela,0.2732,2024-07-04 21:06:16.164397
Closing Bell: Drone Delivery Canada Corp down on Friday (FLT),0.0,2024-07-04 21:06:16.166560
Two-thirds of Canadian and American renters are in unaffordable housing situations,0.0,2024-07-04 21:56:44.385589
King Charles' planned visit to Canada delayed after cancer diagnosis,-0.743,2024-07-04 22:06:16.151326
Environment Canada issues multiple heat wave warnings for B.C.,-0.296,2024-07-04 22:06:16.151326
Canada's temporary foreign worker surge: Opportunity or exploitation?,0.4215,2024-07-04 22:06:16.151326
#TheMoment 'the world's smartest chicken' was discovered in Canada,0.6124,2024-07-04 22:06:16.151326
Canada’s Tajon Buchanan says surgery on broken tibia was success,0.1531,2024-07-04 22:06:16.151326
"U.S. briefs Canada, other allies about security concern involving Russia",0.34,2024-07-04 22:06:16.161088
"New meteorite-hunting rules for the U.S., but Canada keeps things simple",0.0,2024-07-04 22:06:16.164397
A day in the life of someone who lives in a Canadian town where hundreds of Hallmark movies are filmed,0.0,2024-07-04 22:06:16.165507
Environment Canada issues special air quality statement for Calgary,0.4019,2024-07-04 22:06:16.166560
Motivated Canada ready to face Venezuela in Copa America quarter-final on TSN,0.6705,2024-07-04 23:06:16.151326
"Canada’s women’s water polo team unveiled, 13 athletes to make a splash in Paris",0.0,2024-07-04 23:06:16.151326
Canada sets high bar for approving large M&A deals in critical minerals,-0.3182,2024-07-04 23:06:16.163265
Canada spy agency chief Vigneault steps down after 7 years,0.0,2024-07-04 23:06:16.171070
"Venezuela vs Canada: How to watch live, stream link, team news, prediction",0.0,2024-07-04 23:56:44.373537
Thousands of LCBO workers on strike after talks break down,-0.128,2024-07-04 23:56:44.390361
Seven fatalities over the Canada Day long weekend,-0.5994,2024-07-05 00:06:16.162262
Canada Day: A list of fireworks displays in Ottawa on July 1 | CTV News,0.0,2024-07-05 00:06:16.162262
Marsch wants 'something special' with Canada,0.4019,2024-07-05 00:06:16.171070
Dave Cameron returning to Canada world junior bench after 3-year absence,0.0,2024-07-05 01:06:16.151326
Community Philanthropy: Canadian and International Innovations | PANL,0.0,2024-07-05 01:06:16.151326
Construction begins on Canada's River-class destroyers,-0.5106,2024-07-05 01:06:16.151326
BMO ETFs: Covered Call ETF Strategies in Canada,0.0,2024-07-05 01:06:16.166560
"Canada approves Glencore takeover of Teck coal unit, with conditions",0.4019,2024-07-05 02:06:16.151326
International Conference on Payments and Securities Settlement: Data and Information,0.296,2024-07-05 02:06:16.151326
National parks,0.0,2024-07-05 02:06:16.151326
"Venezuela vs Canada: Preview, predictions, lineups",0.0,2024-07-05 02:06:16.151326
Lessons for Canada from Labour’s deceptive win in the U.K.,0.5859,2024-07-05 02:06:16.163265
Canada Open 2024 badminton: Treesa Jolly-Gayatri Gopichand advance to quarter-finals,0.0,2024-07-05 02:06:16.166560
