title,datetime,link
Kyndryl's Future at Stake: Navigating Post-Spin-Off Disputes and IBM Contractual Ties - TipRanks.com,2024-06-01 18:13:01.178647,news.google.com/articles/CBMihwFodHRwczovL3d3dy50aXByYW5rcy5jb20vbmV3cy9jb21wYW55LWFubm91bmNlbWVudHMva3luZHJ5bHMtZnV0dXJlLWF0LXN0YWtlLW5hdmlnYXRpbmctcG9zdC1zcGluLW9mZi1kaXNwdXRlcy1hbmQtaWJtLWNvbnRyYWN0dWFsLXRpZXPSAQA?hl=en-CA&gl=CA&ceid=CA%3Aen
TheCUBE key findings from IBM Think as Big Blue plants itself in AI middleware,2024-06-03 18:13:01.168913,news.google.com/articles/CBMiTmh0dHBzOi8vc2lsaWNvbmFuZ2xlLmNvbS8yMDI0LzA2LzAzL2libS10aGluay10aGVjdWJlLWV2ZW50LWFuYWx5c2lzLWlibXRoaW5rL9IBAA?hl=en-CA&gl=CA&ceid=CA%3Aen
Explore newly recommended notebook environments for Qiskit,2024-06-03 18:13:01.168913,news.google.com/articles/CBMiPWh0dHBzOi8vd3d3LmlibS5jb20vcXVhbnR1bS9ibG9nL3Fpc2tpdC1ub3RlYm9vay1lbnZpcm9ubWVudHPSAQA?hl=en-CA&gl=CA&ceid=CA%3Aen
International Business Machines Corporation (IBM) Is a Trending Stock: Facts to Know Before Betting on It,2024-06-03 18:13:01.168913,news.google.com/articles/CBMiXWh0dHBzOi8vZmluYW5jZS55YWhvby5jb20vbmV3cy9pbnRlcm5hdGlvbmFsLWJ1c2luZXNzLW1hY2hpbmVzLWNvcnBvcmF0aW9uLWlibS0xMzAwMTY5OTIuaHRtbNIBAA?hl=en-CA&gl=CA&ceid=CA%3Aen
"Moderna, IBM Quantum Researchers Use Quantum Computers For Critical Step in RNA-based Therapeutic Design",2024-06-03 18:13:01.168913,news.google.com/articles/CBMikQFodHRwczovL3RoZXF1YW50dW1pbnNpZGVyLmNvbS8yMDI0LzA2LzAzL21vZGVybmEtaWJtLXF1YW50dW0tcmVzZWFyY2hlcnMtdXNlLXF1YW50dW0tY29tcHV0ZXJzLWZvci1jcml0aWNhbC1zdGVwLWluLXJuYS1iYXNlZC10aGVyYXBldXRpYy1kZXNpZ24v0gEA?hl=en-CA&gl=CA&ceid=CA%3Aen
IBM SevOne 7.0: Reaching application-centric multicloud network observability,2024-06-03 18:13:01.174037,news.google.com/articles/CBMiQWh0dHBzOi8vd3d3LmlibS5jb20vYmxvZy9hbm5vdW5jZW1lbnQvaW50cm9kdWNpbmctaWJtLXNldm9uZS03LTAv0gEA?hl=en-CA&gl=CA&ceid=CA%3Aen
qBraid Lab: A Preferred Notebook Environment for Former IBM Quantum Lab Users,2024-06-03 18:13:01.174037,news.google.com/articles/CBMihAFodHRwczovL3d3dy5wcm5ld3N3aXJlLmNvbS9uZXdzLXJlbGVhc2VzL3FicmFpZC1sYWItYS1wcmVmZXJyZWQtbm90ZWJvb2stZW52aXJvbm1lbnQtZm9yLWZvcm1lci1pYm0tcXVhbnR1bS1sYWItdXNlcnMtMzAyMTYxOTEyLmh0bWzSAQA?hl=en-CA&gl=CA&ceid=CA%3Aen
Rapidus and IBM Expand Collaboration to Chiplet Packaging Technology for 2nm-Generation Semiconductors,2024-06-03 18:13:01.174037,news.google.com/articles/CBMingFodHRwczovL3d3dy5wcm5ld3N3aXJlLmNvbS9uZXdzLXJlbGVhc2VzL3JhcGlkdXMtYW5kLWlibS1leHBhbmQtY29sbGFib3JhdGlvbi10by1jaGlwbGV0LXBhY2thZ2luZy10ZWNobm9sb2d5LWZvci0ybm0tZ2VuZXJhdGlvbi1zZW1pY29uZHVjdG9ycy0zMDIxNjI3MDAuaHRtbNIBAA?hl=en-CA&gl=CA&ceid=CA%3Aen
IBM awarded Customer Choice Vendor in the Gartner Peer Insights 2024 “Voice of the Customer: Cloud Database ...,2024-06-03 18:13:01.178647,news.google.com/articles/CBMiowFodHRwczovL3d3dy5pYm0uY29tL2Jsb2cvYW5ub3VuY2VtZW50L2libS1hd2FyZGVkLWN1c3RvbWVyLWNob2ljZS12ZW5kb3ItaW4tdGhlLWdhcnRuZXItcGVlci1pbnNpZ2h0cy0yMDI0LXZvaWNlLW9mLXRoZS1jdXN0b21lci1jbG91ZC1kYXRhYmFzZS1tYW5hZ2VtZW50LXN5c3RlbXMv0gEA?hl=en-CA&gl=CA&ceid=CA%3Aen
Unlocking the power of gen AI in ERP systems,2024-06-03 18:13:01.178647,news.google.com/articles/CBMiYGh0dHBzOi8vd3d3LmlibS5jb20vdGhvdWdodC1sZWFkZXJzaGlwL2luc3RpdHV0ZS1idXNpbmVzcy12YWx1ZS9ibG9nL3Bvd2VyLWdlbi1haS1pbi1lcnAtc3lzdGVtc9IBAA?hl=en-CA&gl=CA&ceid=CA%3Aen
"IBM expands tech labs in Markham to drive AI adoption, innovation",2024-06-04 18:13:01.168757,news.google.com/articles/CBMicWh0dHBzOi8vd3d3Lm5ld21hcmtldHRvZGF5LmNhL2xvY2FsLW5ld3MvaWJtLWV4cGFuZHMtdGVjaC1sYWJzLWluLW1hcmtoYW0tdG8tZHJpdmUtYWktYWRvcHRpb24taW5ub3ZhdGlvbi04OTYxNzY40gEA?hl=en-CA&gl=CA&ceid=CA%3Aen
"Coca-Cola HBC, EY & IBM on the G in ESG",2024-06-04 18:13:01.168913,news.google.com/articles/CBMiSGh0dHBzOi8vd3d3LmNzcndpcmUuY29tL3ByZXNzX3JlbGVhc2VzLzgwMzMzNi1jb2NhLWNvbGEtaGJjLWV5LWlibS1nLWVzZ9IBAA?hl=en-CA&gl=CA&ceid=CA%3Aen
IBM and SAP unlock business and industry value with new generative AI solutions,2024-06-04 18:13:01.174037,news.google.com/articles/CBMidmh0dHBzOi8vd3d3LmlibS5jb20vYmxvZy9hbm5vdW5jZW1lbnQvaWJtLWFuZC1zYXAtdW5sb2NrLWJ1c2luZXNzLWFuZC1pbmR1c3RyeS12YWx1ZS13aXRoLW5ldy1nZW5lcmF0aXZlLWFpLXNvbHV0aW9ucy_SAQA?hl=en-CA&gl=CA&ceid=CA%3Aen
"ID Dataweb, IBM collaborate on integrating identity verification solution",2024-06-04 18:13:01.174037,news.google.com/articles/CBMib2h0dHBzOi8vd3d3LmJpb21ldHJpY3VwZGF0ZS5jb20vMjAyNDA2L2lkLWRhdGF3ZWItaWJtLWNvbGxhYm9yYXRlLW9uLWludGVncmF0aW5nLWlkZW50aXR5LXZlcmlmaWNhdGlvbi1zb2x1dGlvbtIBAA?hl=en-CA&gl=CA&ceid=CA%3Aen
IBM Research Chief Darío Gil Chosen as Next NSB Chair,2024-06-04 18:13:01.174037,news.google.com/articles/CBMiWWh0dHBzOi8vd3d3LmhwY3dpcmUuY29tLzIwMjQvMDYvMDQvaWJtLXJlc2VhcmNoLWNoaWVmLWRhcmlvLWdpbC1jaG9zZW4tYXMtbmV4dC1uc2ItY2hhaXIv0gEA?hl=en-CA&gl=CA&ceid=CA%3Aen
Celebrating IBM Volunteer Excellence Across the World,2024-06-04 18:13:01.174037,news.google.com/articles/CBMiWWh0dHBzOi8vZmluYW5jZS55YWhvby5jb20vbmV3cy9jZWxlYnJhdGluZy1pYm0tdm9sdW50ZWVyLWV4Y2VsbGVuY2UtYWNyb3NzLTE3MDAwMDkyMS5odG1s0gEA?hl=en-CA&gl=CA&ceid=CA%3Aen
NSF Board Elects IBM Executive as New Chair,2024-06-04 18:13:01.174037,news.google.com/articles/CBMiQ2h0dHBzOi8vd3cyLmFpcC5vcmcvZnlpL25zZi1ib2FyZC1lbGVjdHMtaWJtLWV4ZWN1dGl2ZS1hcy1uZXctY2hhaXLSAQA?hl=en-CA&gl=CA&ceid=CA%3Aen
"Agility, flexibility and security: The value of cloud in HPC",2024-06-04 18:13:01.178647,news.google.com/articles/CBMiVGh0dHBzOi8vd3d3LmlibS5jb20vYmxvZy9hZ2lsaXR5LWZsZXhpYmlsaXR5LWFuZC1zZWN1cml0eS10aGUtdmFsdWUtb2YtY2xvdWQtaW4taHBjL9IBAA?hl=en-CA&gl=CA&ceid=CA%3Aen
Do International Business Machines' (NYSE:IBM) Earnings Warrant Your Attention?,2024-06-04 18:13:01.178647,news.google.com/articles/CBMikgFodHRwczovL3NpbXBseXdhbGwuc3Qvc3RvY2tzL3VzL3NvZnR3YXJlL255c2UtaWJtL2ludGVybmF0aW9uYWwtYnVzaW5lc3MtbWFjaGluZXMvbmV3cy9kby1pbnRlcm5hdGlvbmFsLWJ1c2luZXNzLW1hY2hpbmVzLW55c2VpYm0tZWFybmluZ3Mtd2FycmFudNIBlgFodHRwczovL3NpbXBseXdhbGwuc3Qvc3RvY2tzL3VzL3NvZnR3YXJlL255c2UtaWJtL2ludGVybmF0aW9uYWwtYnVzaW5lc3MtbWFjaGluZXMvbmV3cy9kby1pbnRlcm5hdGlvbmFsLWJ1c2luZXNzLW1hY2hpbmVzLW55c2VpYm0tZWFybmluZ3Mtd2FycmFudC9hbXA?hl=en-CA&gl=CA&ceid=CA%3Aen
IBM (IBM) Gains But Lags Market: What You Should Know,2024-06-05 18:13:01.168913,news.google.com/articles/CBMiR2h0dHBzOi8vZmluYW5jZS55YWhvby5jb20vbmV3cy9pYm0taWJtLWdhaW5zLWxhZ3MtbWFya2V0LTIxNDUwOTMyOC5odG1s0gEA?hl=en-CA&gl=CA&ceid=CA%3Aen
"IBM Study: Banking and Financial Markets CEOs are betting on generative AI to stay competitive, yet workforce and ...",2024-06-05 18:13:01.168913,news.google.com/articles/CBMi3wFodHRwczovL3d3dy50aGVnbG9iZWFuZG1haWwuY29tL2ludmVzdGluZy9tYXJrZXRzL3N0b2Nrcy9JQk0vcHJlc3NyZWxlYXNlcy8yNjYyODUzOC9pYm0tc3R1ZHktYmFua2luZy1hbmQtZmluYW5jaWFsLW1hcmtldHMtY2Vvcy1hcmUtYmV0dGluZy1vbi1nZW5lcmF0aXZlLWFpLXRvLXN0YXktY29tcGV0aXRpdmUteWV0LXdvcmtmb3JjZS1hbmQtY3VsdHVyZS1jaGFsbGVuZ2VzLXBlcnNpc3Qv0gEA?hl=en-CA&gl=CA&ceid=CA%3Aen
"Scale enterprise gen AI for code generation with IBM Granite code models, available as NVIDIA NIM inference ...",2024-06-05 18:13:01.174037,news.google.com/articles/CBMib2h0dHBzOi8vd3d3LmlibS5jb20vYmxvZy9hbm5vdW5jZW1lbnQvc2NhbGUtZW50ZXJwcmlzZS1nZW4tYWktZm9yLWNvZGUtZ2VuZXJhdGlvbi13aXRoLWlibS1ncmFuaXRlLWNvZGUtbnZpZGlhL9IBAA?hl=en-CA&gl=CA&ceid=CA%3Aen
IBM: Banking and Financial Markets CEOs are betting on AI,2024-06-05 18:13:01.174037,news.google.com/articles/CBMiXWh0dHBzOi8vd3d3LmZpZXJjZS1uZXR3b3JrLmNvbS9uZXdzd2lyZS9pYm0tYmFua2luZy1hbmQtZmluYW5jaWFsLW1hcmtldHMtY2Vvcy1hcmUtYmV0dGluZy1hadIBAA?hl=en-CA&gl=CA&ceid=CA%3Aen
IBM's Think 2024 News That Should Help Skills & Productivity Issues in Australia,2024-06-05 18:13:01.174037,news.google.com/articles/CBMiPmh0dHBzOi8vd3d3LnRlY2hyZXB1YmxpYy5jb20vYXJ0aWNsZS9pYm0tdGhpbmstYXVzdHJhbGlhLXRlY2gv0gEA?hl=en-CA&gl=CA&ceid=CA%3Aen
Prioritizing operational resiliency to reduce downtime in payments,2024-06-05 18:13:01.174037,news.google.com/articles/CBMiXGh0dHBzOi8vd3d3LmlibS5jb20vYmxvZy9wcmlvcml0aXppbmctb3BlcmF0aW9uYWwtcmVzaWxpZW5jeS10by1yZWR1Y2UtZG93bnRpbWUtaW4tcGF5bWVudHMv0gEA?hl=en-CA&gl=CA&ceid=CA%3Aen
"This AI skill pays over $100,000 a year and is in 'crazy demand,' says IBM exec—it's one 'you can use almost anywhere'",2024-06-05 18:13:01.178647,news.google.com/articles/CBMiXWh0dHBzOi8vd3d3LmNuYmMuY29tLzIwMjQvMDYvMDUvYWktc2tpbGwtaW4tY3JhenktZGVtYW5kLXBheXMtb3Zlci0xMDAwMDAtZG9sbGFycy1hLXllYXIuaHRtbNIBYWh0dHBzOi8vd3d3LmNuYmMuY29tL2FtcC8yMDI0LzA2LzA1L2FpLXNraWxsLWluLWNyYXp5LWRlbWFuZC1wYXlzLW92ZXItMTAwMDAwLWRvbGxhcnMtYS15ZWFyLmh0bWw?hl=en-CA&gl=CA&ceid=CA%3Aen
Q-CTRL solves IBM quantum computer problem,2024-06-05 18:13:01.178647,news.google.com/articles/CBMiTmh0dHBzOi8vd3d3LmZ1ZHppbGxhLmNvbS9uZXdzLzU5MTEyLXEtY3RybC1zb2x2ZXMtaWJtLXF1YW50dW0tY29tcHV0ZXItcHJvYmxlbdIBAA?hl=en-CA&gl=CA&ceid=CA%3Aen
"Rapidus, IBM expand collaboration to chiplet packaging technology - TipRanks.com",2024-06-05 18:13:01.178647,news.google.com/articles/CBMiZmh0dHBzOi8vd3d3LnRpcHJhbmtzLmNvbS9uZXdzL3RoZS1mbHkvcmFwaWR1cy1pYm0tZXhwYW5kLWNvbGxhYm9yYXRpb24tdG8tY2hpcGxldC1wYWNrYWdpbmctdGVjaG5vbG9nedIBAA?hl=en-CA&gl=CA&ceid=CA%3Aen
Maximizing SaaS application analytics value with AI,2024-06-05 18:13:01.178647,news.google.com/articles/CBMiL2h0dHBzOi8vd3d3LmlibS5jb20vYmxvZy9hcHBsaWNhdGlvbi1hbmFseXRpY3Mv0gEA?hl=en-CA&gl=CA&ceid=CA%3Aen
IBM Think 2024: Making AI Real For Enterprises,2024-06-06 18:13:16.593704,news.google.com/articles/CBMiZmh0dHBzOi8vd3d3LmZvcmJlcy5jb20vc2l0ZXMvcGF0cmlja21vb3JoZWFkLzIwMjQvMDYvMDYvaWJtLXRoaW5rLTIwMjQtbWFraW5nLWFpLXJlYWwtZm9yLWVudGVycHJpc2VzL9IBAA?hl=en-CA&gl=CA&ceid=CA%3Aen
"IBM, Pasqal to Partner on Quantum-Centric Supercomputing",2024-06-06 18:13:16.593704,news.google.com/articles/CBMiXWh0dHBzOi8vd3d3LmlvdHdvcmxkdG9kYXkuY29tL3F1YW50dW0vaWJtLXBhc3FhbC10by1wYXJ0bmVyLW9uLXF1YW50dW0tY2VudHJpYy1zdXBlcmNvbXB1dGluZ9IBAA?hl=en-CA&gl=CA&ceid=CA%3Aen
Palo Alto Networks Buys IBM QRadar,2024-06-06 18:13:16.593704,news.google.com/articles/CBMiXmh0dHBzOi8vd3d3Lm1zc3BhbGVydC5jb20vbmV3cy9wYWxvLWFsdG8tbmV0d29ya3MtaWJtLXFyYWRhci1idXktc3BhcmtzLW1zc3AtbXNwLW9wcG9ydHVuaXRpZXPSAQA?hl=en-CA&gl=CA&ceid=CA%3Aen
"Clinic, IBM and Hartree to Advance Healthcare with AI",2024-06-06 18:13:16.593704,news.google.com/articles/CBMixQFodHRwczovL25ld3Nyb29tLmNsZXZlbGFuZGNsaW5pYy5vcmcvMjAyNC8wNi8wNi9jbGV2ZWxhbmQtY2xpbmljLWlibS1hbmQtdGhlLWhhcnRyZWUtY2VudHJlLWNvbGxhYm9yYXRlLXRvLWFkdmFuY2UtaGVhbHRoY2FyZS1hbmQtbGlmZS1zY2llbmNlcy10aHJvdWdoLWFydGlmaWNpYWwtaW50ZWxsaWdlbmNlLWFuZC1xdWFudHVtLWNvbXB1dGluZ9IBAA?hl=en-CA&gl=CA&ceid=CA%3Aen
IBM and Pasqal Initiate Collaboration to Define Classical-Quantum Integration for Quantum-Centric Supercomputers,2024-06-06 18:13:16.593704,news.google.com/articles/CBMilAFodHRwczovL25ld3Nyb29tLmlibS5jb20vMjAyNC0wNi0wNi1JQk0tYW5kLVBhc3FhbC1Jbml0aWF0ZS1Db2xsYWJvcmF0aW9uLXRvLURlZmluZS1DbGFzc2ljYWwtUXVhbnR1bS1JbnRlZ3JhdGlvbi1mb3ItUXVhbnR1bS1DZW50cmljLVN1cGVyY29tcHV0ZXJz0gEA?hl=en-CA&gl=CA&ceid=CA%3Aen
Empowering Women and Girls in Asia-Pacific: IBM's commitment to education,2024-06-06 18:13:16.593704,news.google.com/articles/CBMiZWh0dHBzOi8vbmV3c3Jvb20uaWJtLmNvbS9CbG9nLUVtcG93ZXJpbmctV29tZW4tYW5kLUdpcmxzLWluLUFzaWEtUGFjaWZpYy1JQk1zLWNvbW1pdG1lbnQtdG8tZWR1Y2F0aW9u0gEA?hl=en-CA&gl=CA&ceid=CA%3Aen
IBM and Pasqal Collaborate on Classical-Quantum Integration for Supercomputers,2024-06-06 18:13:16.600323,news.google.com/articles/CBMicmh0dHBzOi8vcXVhbnR1bWNvbXB1dGluZ3JlcG9ydC5jb20vaWJtLWFuZC1wYXNxYWwtY29sbGFib3JhdGUtb24tY2xhc3NpY2FsLXF1YW50dW0taW50ZWdyYXRpb24tZm9yLXN1cGVyY29tcHV0ZXJzL9IBdmh0dHBzOi8vcXVhbnR1bWNvbXB1dGluZ3JlcG9ydC5jb20vaWJtLWFuZC1wYXNxYWwtY29sbGFib3JhdGUtb24tY2xhc3NpY2FsLXF1YW50dW0taW50ZWdyYXRpb24tZm9yLXN1cGVyY29tcHV0ZXJzL2FtcC8?hl=en-CA&gl=CA&ceid=CA%3Aen
IBM and Veridium to Transform Carbon Credits into Blockchain-Based Tokens,2024-06-06 18:13:16.600323,news.google.com/articles/CBMiV2h0dHBzOi8vdWsubW92aWVzLnlhaG9vLmNvbS9tb3ZpZXMvaWJtLXZlcmlkaXVtLXRyYW5zZm9ybS1jYXJib24tY3JlZGl0cy0xOTQzMzU0NjEuaHRtbNIBAA?hl=en-CA&gl=CA&ceid=CA%3Aen
How IBM Australia Is Supporting Partners in Transformation,2024-06-06 18:13:16.600323,news.google.com/articles/CBMiUmh0dHBzOi8vd3d3LmNoYW5uZWxpbnNpZGVyLmNvbS9uZXdzLWFuZC10cmVuZHMvYXBhYy9pYm0tYXVzdHJhbGlhLXN1cHBvcnQtcHJvZ3JhbS_SAQA?hl=en-CA&gl=CA&ceid=CA%3Aen
IBM's A Boy And His Atom Is Literally The Smallest Film Ever,2024-06-06 18:13:16.600323,news.google.com/articles/CBMiUGh0dHBzOi8vd3d3LmdpYW50ZnJlYWtpbnJvYm90LmNvbS9zY2kvaWJtcy1ib3ktYXRvbS1saXRlcmFsbHktc21hbGxlc3QtZmlsbS5odG1s0gEA?hl=en-CA&gl=CA&ceid=CA%3Aen
"HashiCorp stock downgraded by JMP Securities, cites IBM acquisition agreement By Investing.com",2024-06-06 18:13:16.600323,news.google.com/articles/CBMihQFodHRwczovL3d3dy5pbnZlc3RpbmcuY29tL25ld3MvY29tcGFueS1uZXdzL2hhc2hpY29ycC1zdG9jay1kb3duZ3JhZGVkLWJ5LWptcC1zZWN1cml0aWVzLWNpdGVzLWlibS1hY3F1aXNpdGlvbi1hZ3JlZW1lbnQtOTNDSC0zNDczMDA30gEA?hl=en-CA&gl=CA&ceid=CA%3Aen
IBM & Pasqal partner to advance quantum-centric computing,2024-06-06 18:13:16.600323,news.google.com/articles/CBMiU2h0dHBzOi8vaXRicmllZi5jby5uei9zdG9yeS9pYm0tcGFzcWFsLXBhcnRuZXItdG8tYWR2YW5jZS1xdWFudHVtLWNlbnRyaWMtY29tcHV0aW5n0gEA?hl=en-CA&gl=CA&ceid=CA%3Aen
IBM Think 2024: Could AI Help Figure Out What Customers Will Want?,2024-06-07 18:13:16.593704,news.google.com/articles/CBMiZWh0dHBzOi8vdGVjaHNwZWN0aXZlLm5ldC8yMDI0LzA2LzA3L2libS10aGluay0yMDI0LWNvdWxkLWFpLWhlbHAtZmlndXJlLW91dC13aGF0LWN1c3RvbWVycy13aWxsLXdhbnQv0gFpaHR0cHM6Ly90ZWNoc3BlY3RpdmUubmV0LzIwMjQvMDYvMDcvaWJtLXRoaW5rLTIwMjQtY291bGQtYWktaGVscC1maWd1cmUtb3V0LXdoYXQtY3VzdG9tZXJzLXdpbGwtd2FudC9hbXAv?hl=en-CA&gl=CA&ceid=CA%3Aen
Optimize your call center operations with new IBM watsonx assistants features,2024-06-07 18:13:16.593704,news.google.com/articles/CBMic2h0dHBzOi8vd3d3LmlibS5jb20vYmxvZy9hbm5vdW5jZW1lbnQvb3B0aW1pemUteW91ci1jYWxsLWNlbnRlci1vcGVyYXRpb25zLXdpdGgtbmV3LWlibS13YXRzb254LWFzc2lzdGFudC1mZWF0dXJlcy_SAQA?hl=en-CA&gl=CA&ceid=CA%3Aen
A new way to collaboratively customize LLMs,2024-06-07 18:13:16.593704,news.google.com/articles/CBMiKmh0dHBzOi8vcmVzZWFyY2guaWJtLmNvbS9ibG9nL2luc3RydWN0LWxhYtIBAA?hl=en-CA&gl=CA&ceid=CA%3Aen
IBM watsonx: New Technology Powers Sustainability Progress,2024-06-07 18:13:16.593704,news.google.com/articles/CBMicGh0dHBzOi8vdGVjaG5vbG9neW1hZ2F6aW5lLmNvbS9kYXRhLWFuZC1kYXRhLWFuYWx5dGljcy9pYm0td2F0c29ueC1uZXctdGVjaG5vbG9neS1wb3dlcnMtc3VzdGFpbmFiaWxpdHktcHJvZ3Jlc3PSAQA?hl=en-CA&gl=CA&ceid=CA%3Aen
"IBM bans workers from using all removable storage devices, like USB sticks",2024-06-07 18:13:16.598820,news.google.com/articles/CBMiSWh0dHBzOi8vY2EubmV3cy55YWhvby5jb20vaWJtLWJhbnMtd29ya2Vycy11c2luZy1yZW1vdmFibGUtMTUwOTA3NDc4Lmh0bWzSAQA?hl=en-CA&gl=CA&ceid=CA%3Aen
"IBM, with flagship Granite models, named a strong performer in The Forrester Wave™: AI Foundation Models for ...",2024-06-07 18:13:16.598820,news.google.com/articles/CBMiVWh0dHBzOi8vd3d3LmlibS5jb20vYmxvZy9hbm5vdW5jZW1lbnQvZ3Jhbml0ZS1tb2RlbHMtZm9ycmVzdGVyLXdhdmUtc3Ryb25nLXBlcmZvcm1lci_SAQA?hl=en-CA&gl=CA&ceid=CA%3Aen
What is the Techological Singularity?,2024-06-07 18:13:16.600323,news.google.com/articles/CBMiOmh0dHBzOi8vd3d3LmlibS5jb20vdGhpbmsvdG9waWNzL3RlY2hub2xvZ2ljYWwtc2luZ3VsYXJpdHnSAQA?hl=en-CA&gl=CA&ceid=CA%3Aen
"Analytics as a Service Market Surges to $39.8 Billion by 2029 - Leading Companies Microsoft (US), IBM (US), Google ...",2024-06-07 18:13:16.607946,news.google.com/articles/CBMiSmh0dHBzOi8vZmluYW5jZS55YWhvby5jb20vbmV3cy9hbmFseXRpY3MtbWFya2V0LXN1cmdlcy0zOS04LTE0MDAwMDY1OC5odG1s0gEA?hl=en-CA&gl=CA&ceid=CA%3Aen
IBM Empowers 650K Women in Asia-Pacific with Digital Skills,2024-06-08 18:13:16.598820,news.google.com/articles/CBMiaGh0dHBzOi8vdGVjaG5vbG9neW1hZ2F6aW5lLmNvbS9lbnRlcnByaXNlLWl0L2libS1lbXBvd2Vycy02NTBrLXdvbWVuLWluLWFzaWEtcGFjaWZpYy13aXRoLWRpZ2l0YWwtc2tpbGxz0gEA?hl=en-CA&gl=CA&ceid=CA%3Aen
IBM and Red Hat Introduce InstructLab for Collaborative LLM Customization,2024-06-08 18:13:16.600323,news.google.com/articles/CBMiRmh0dHBzOi8vYmxvY2tjaGFpbi5uZXdzL25ld3MvaWJtLXJlZC1oYXQtaW5zdHJ1Y3RsYWItbGxtLWN1c3RvbWl6YXRpb27SAQA?hl=en-CA&gl=CA&ceid=CA%3Aen
(IBM) Trading Advice,2024-06-08 18:13:16.600323,news.google.com/articles/CBMiXWh0dHBzOi8vbmV3cy5zdG9ja3RyYWRlcnNkYWlseS5jb20vbmV3c19yZWxlYXNlLzIxLyUyOElCTSUyOStUcmFkaW5nK0FkdmljZV8wNjA4MjQxMTM0MDIuaHRtbNIBAA?hl=en-CA&gl=CA&ceid=CA%3Aen
"International Business Machines Co. (NYSE:IBM) Receives Average Recommendation of ""Hold"" from Brokerages",2024-06-08 18:13:16.600323,news.google.com/articles/CBMiV2h0dHBzOi8vd3d3Lm1hcmtldGJlYXQuY29tL2luc3RhbnQtYWxlcnRzL255c2UtaWJtLWNvbnNlbnN1cy1hbmFseXN0LXJhdGluZy0yMDI0LTA2LTA4L9IBAA?hl=en-CA&gl=CA&ceid=CA%3Aen
IBM just replaced its chief financial officer (IBM),2024-06-09 18:13:16.593704,news.google.com/articles/CBMiWWh0dHBzOi8vY2EubW92aWVzLnlhaG9vLmNvbS9maW5hbmNlL25ld3MvaWJtLWp1c3QtcmVwbGFjZWQtY2hpZWYtZmluYW5jaWFsLTAxMTYyOTgwNS5odG1s0gEA?hl=en-CA&gl=CA&ceid=CA%3Aen
Arvind Krishna will replace Ginni Rometty as IBM CEO in April,2024-06-09 18:13:16.600323,news.google.com/articles/CBMiVmh0dHBzOi8vdWsubW92aWVzLnlhaG9vLmNvbS9tb3ZpZXMvYXJ2aW5kLWtyaXNobmEtcmVwbGFjZS1naW5uaS1yb21ldHR5LTIxNTUwOTY1Mi5odG1s0gEA?hl=en-CA&gl=CA&ceid=CA%3Aen
International Business Machines Co. (NYSE:IBM) Shares Bought by State of Tennessee Treasury Department,2024-06-09 18:13:16.600323,news.google.com/articles/CBMiSWh0dHBzOi8vd3d3Lm1hcmtldGJlYXQuY29tL2luc3RhbnQtYWxlcnRzL255c2UtaWJtLXNlYy1maWxpbmctMjAyNC0wNi0wOS_SAQA?hl=en-CA&gl=CA&ceid=CA%3Aen
18448 Shares in International Business Machines Co. (NYSE:IBM) Acquired by 1832 Asset Management L.P.,2024-06-09 18:13:16.600323,news.google.com/articles/CBMijQFodHRwczovL3d3dy5kZWZlbnNld29ybGQubmV0LzIwMjQvMDYvMDkvMTg0NDgtc2hhcmVzLWluLWludGVybmF0aW9uYWwtYnVzaW5lc3MtbWFjaGluZXMtY28tbnlzZWlibS1hY3F1aXJlZC1ieS0xODMyLWFzc2V0LW1hbmFnZW1lbnQtbC1wLmh0bWzSAQA?hl=en-CA&gl=CA&ceid=CA%3Aen
"Lenovo CEO hopes U.S.-China cyber-theft case will not affect IBM, Motorola deal approval",2024-06-09 18:13:16.607946,news.google.com/articles/CBMiUGh0dHBzOi8vdWsubW92aWVzLnlhaG9vLmNvbS9maW5hbmNlL25ld3MvbGVub3ZvLWNlby1ob3Blcy11LWNoaW5hLTEzMzg1NTA2My5odG1s0gEA?hl=en-CA&gl=CA&ceid=CA%3Aen
Empowering Women and Girls in Asia-Pacific: IBM's Commitment to Education,2024-06-10 18:13:01.174037,news.google.com/articles/CBMiaWh0dHBzOi8vd3d3LmFjY2Vzc3dpcmUuY29tLzg3NTI0Ni9lbXBvd2VyaW5nLXdvbWVuLWFuZC1naXJscy1pbi1hc2lhLXBhY2lmaWMtaWJtcy1jb21taXRtZW50LXRvLWVkdWNhdGlvbtIBAA?hl=en-CA&gl=CA&ceid=CA%3Aen
Qiskit Global Summer School 2024,2024-06-10 18:13:16.593704,news.google.com/articles/CBMiOmh0dHBzOi8vd3d3LmlibS5jb20vcXVhbnR1bS9ibG9nL3Fpc2tpdC1zdW1tZXItc2Nob29sLTIwMjTSAQA?hl=en-CA&gl=CA&ceid=CA%3Aen
"Remembering Bob Dennard, inventor of the DRAM chip",2024-06-10 18:13:16.598820,news.google.com/articles/CBMiNWh0dHBzOi8vcmVzZWFyY2guaWJtLmNvbS9ibG9nL2JvYi1kZW5uYXJkLWluLW1lbW9yaWFt0gEA?hl=en-CA&gl=CA&ceid=CA%3Aen
"Elon Musk's top 5 personality traits, according to an IBM supercomputer",2024-06-10 18:13:16.598820,news.google.com/articles/CBMiRmh0dHBzOi8vY2EubW92aWVzLnlhaG9vLmNvbS9lbG9uLW11c2stdG9wLTUtcGVyc29uYWxpdHktMTgzMjE3MDAxLmh0bWzSAQA?hl=en-CA&gl=CA&ceid=CA%3Aen
Rethinking AI: Lessons From IBM Think and Intel's Lunar Lake,2024-06-10 18:13:16.598820,news.google.com/articles/CBMidWh0dHBzOi8vd3d3LnRlY2huZXdzd29ybGQuY29tL3N0b3J5L3JldGhpbmtpbmctYWktcHJpb3JpdGllcy1sZXNzb25zLWZyb20taWJtLXRoaW5rLWFuZC1pbnRlbHMtbHVuYXItbGFrZS0xNzkyMjYuaHRtbNIBAA?hl=en-CA&gl=CA&ceid=CA%3Aen
Seven top central processing unit (CPU) use cases,2024-06-10 18:13:16.600323,news.google.com/articles/CBMiO2h0dHBzOi8vd3d3LmlibS5jb20vYmxvZy9jZW50cmFsLXByb2Nlc3NpbmctdW5pdC11c2UtY2FzZXMv0gEA?hl=en-CA&gl=CA&ceid=CA%3Aen
Where Will DevOps Go if IBM Doesn't Make Terraform Open Source Again?,2024-06-10 18:13:16.600323,news.google.com/articles/CBMiMWh0dHBzOi8vd3d3LndlYnByb25ld3MuY29tL3RlcnJhZm9ybS1vcGVuLXNvdXJjZS_SAQA?hl=en-CA&gl=CA&ceid=CA%3Aen
"Obituary: Theodor “Ted” Bogner, 1935-2024 | Obituaries",2024-06-10 18:13:16.600323,news.google.com/articles/CBMiVWh0dHBzOi8vd3d3LnNldmVuZGF5c3Z0LmNvbS9saWZlLWxpbmVzL29iaXR1YXJ5LXRoZW9kb3ItdGVkLWJvZ25lci0xOTM1LTIwMjQtNDEwNzE3MTfSAQA?hl=en-CA&gl=CA&ceid=CA%3Aen
IBM Inks Deal With Samsung to Build its Latest Chip Processor,2024-06-10 18:13:16.600323,news.google.com/articles/CBMiUWh0dHBzOi8vbnoubmV3cy55YWhvby5jb20vZmluYW5jZS9uZXdzL2libS1pbmtzLWRlYWwtc2Ftc3VuZy1idWlsZC0xNTMzMDMyODEuaHRtbNIBAA?hl=en-CA&gl=CA&ceid=CA%3Aen
IBM UK and Ireland CEO Says AI Boosting Productivity,2024-06-10 18:13:16.600323,news.google.com/articles/CBMia2h0dHBzOi8vd3d3LmJsb29tYmVyZy5jb20vbmV3cy92aWRlb3MvMjAyNC0wNi0xMC9pYm0tdWstYW5kLWlyZWxhbmQtY2VvLXNheXMtYWktYm9vc3RpbmctcHJvZHVjdGl2aXR5LXZpZGVv0gEA?hl=en-CA&gl=CA&ceid=CA%3Aen
IBM wins reversal of $1.6 billion judgment to BMC over software contract,2024-06-10 18:13:16.600323,news.google.com/articles/CBMiPmh0dHBzOi8vc2cubmV3cy55YWhvby5jb20vaWJtLXdpbnMtcmV2ZXJzYWwtMS02LTIxMTk1MDg1Ni5odG1s0gEA?hl=en-CA&gl=CA&ceid=CA%3Aen
"IBM-Spinoff Kyndryl, Apollo Eyeing DXC Technology In Potential Joint Acquisition: Report - Apollo Global Management ...",2024-06-10 18:13:16.600323,news.google.com/articles/CBMijwFodHRwczovL3d3dy5iZW56aW5nYS5jb20vbWFya2V0cy9lcXVpdGllcy8yNC8wNi8zOTI2MjYyMy9pYm0tc3Bpbm9mZi1reW5kcnlsLWFwb2xsby1leWVpbmctZHhjLXRlY2hub2xvZ3ktaW4tcG90ZW50aWFsLWpvaW50LWFjcXVpc2l0aW9uLXJlcG9ydNIBAA?hl=en-CA&gl=CA&ceid=CA%3Aen
"IBM, Cleveland Clinic Team for AI, Quantum in Life Sciences",2024-06-10 18:13:16.600323,news.google.com/articles/CBMiX2h0dHBzOi8vd3d3LmlvdHdvcmxkdG9kYXkuY29tL3F1YW50dW0vaWJtLWNsZXZlbGFuZC1jbGluaWMtdGVhbS1mb3ItYWktcXVhbnR1bS1pbi1saWZlLXNjaWVuY2Vz0gEA?hl=en-CA&gl=CA&ceid=CA%3Aen
Mosley Wealth Management Buys New Holdings in International Business Machines Co. (NYSE:IBM),2024-06-10 18:13:16.607946,news.google.com/articles/CBMihQFodHRwczovL3d3dy5kZWZlbnNld29ybGQubmV0LzIwMjQvMDYvMTAvbW9zbGV5LXdlYWx0aC1tYW5hZ2VtZW50LWJ1eXMtbmV3LWhvbGRpbmdzLWluLWludGVybmF0aW9uYWwtYnVzaW5lc3MtbWFjaGluZXMtY28tbnlzZWlibS5odG1s0gEA?hl=en-CA&gl=CA&ceid=CA%3Aen
IBM and AI Singapore ink collaboration for the 1st LLM developed for SEA,2024-06-10 18:13:16.609062,news.google.com/articles/CBMiYGh0dHBzOi8vZnV0dXJlY2lvLnRlY2gvaWJtLWFuZC1haS1zaW5nYXBvcmUtaW5rLWNvbGxhYm9yYXRpb24tZm9yLXRoZS0xc3QtbGxtLWRldmVsb3BlZC1mb3Itc2VhL9IBAA?hl=en-CA&gl=CA&ceid=CA%3Aen
IBM (IBM) Stock Drops Despite Market Gains: Important Facts to Note,2024-06-11 18:13:16.593704,news.google.com/articles/CBMiTGh0dHBzOi8vY2EuZmluYW5jZS55YWhvby5jb20vbmV3cy9pYm0taWJtLXN0b2NrLWRyb3BzLWRlc3BpdGUtMjE0NTE4MDI1Lmh0bWzSAQA?hl=en-CA&gl=CA&ceid=CA%3Aen
"Leading Banking Technology Firms: Finastra, IBM, Sopra in 2024",2024-06-11 18:13:16.593704,news.google.com/articles/CBMiUWh0dHBzOi8vZmludGVjaG1hZ2F6aW5lLmNvbS9hcnRpY2xlcy90aGUtbGVhZGluZy1iYW5raW5nLXRlY2hub2xvZ3ktZmlybXMtaW4tMjAyNNIBAA?hl=en-CA&gl=CA&ceid=CA%3Aen
IBM Consulting brings hybrid cloud solutions for business growth,2024-06-11 18:13:16.593704,news.google.com/articles/CBMiamh0dHBzOi8vc2lsaWNvbmFuZ2xlLmNvbS8yMDI0LzA2LzExL2libS1jb25zdWx0aW5nLWJyaW5ncy1oeWJyaWQtY2xvdWQtc29sdXRpb25zLWJ1c2luZXNzLWdyb3d0aC1yaHN1bW1pdC_SAQA?hl=en-CA&gl=CA&ceid=CA%3Aen
ContextQA Turns to IBM for AI to Automate Testing,2024-06-11 18:13:16.593704,news.google.com/articles/CBMiRWh0dHBzOi8vZGV2b3BzLmNvbS9jb250ZXh0cWEtdHVybnMtdG8taWJtLWZvci1haS10by1hdXRvbWF0ZS10ZXN0aW5nL9IBSWh0dHBzOi8vZGV2b3BzLmNvbS9jb250ZXh0cWEtdHVybnMtdG8taWJtLWZvci1haS10by1hdXRvbWF0ZS10ZXN0aW5nL2FtcC8?hl=en-CA&gl=CA&ceid=CA%3Aen
Converge Technology Solutions Announces Contact Center IQ Built on IBM watsonx,2024-06-11 18:13:16.593704,news.google.com/articles/CBMihgFodHRwczovL3d3dy5wcm5ld3N3aXJlLmNvbS9uZXdzLXJlbGVhc2VzL2NvbnZlcmdlLXRlY2hub2xvZ3ktc29sdXRpb25zLWFubm91bmNlcy1jb250YWN0LWNlbnRlci1pcS1idWlsdC1vbi1pYm0td2F0c29ueC0zMDIxNjkxNjAuaHRtbNIBAA?hl=en-CA&gl=CA&ceid=CA%3Aen
Converge Technology unveils Contact Centre IQ built on IBM tech,2024-06-11 18:13:16.593704,news.google.com/articles/CBMifWh0dHBzOi8vc3RvY2tob3VzZS5jb20vbmV3cy90aGUtbWFya2V0LW9ubGluZS1uZXdzLzIwMjQvMDYvMTEvY29udmVyZ2UtdGVjaG5vbG9neS11bnZlaWxzLWNvbnRhY3QtY2VudHJlLWlxLWJ1aWx0LW9uLWlibS10ZWNo0gEA?hl=en-CA&gl=CA&ceid=CA%3Aen
IBM's Qiskit 1.0 Blazes the Trail,2024-06-11 18:13:16.598820,news.google.com/articles/CBMiSmh0dHBzOi8vdGhlcXVhbnR1bWluc2lkZXIuY29tLzIwMjQvMDYvMTEvaWJtcy1xaXNraXQtMS0wLWJsYXplcy10aGUtdHJhaWwv0gEA?hl=en-CA&gl=CA&ceid=CA%3Aen
3 Ultra-Cheap Cloud Stocks Worth Watching in June,2024-06-11 18:13:16.600323,news.google.com/articles/CBMibGh0dHBzOi8vbWFya2V0cy5idXNpbmVzc2luc2lkZXIuY29tL25ld3Mvc3RvY2tzLzMtdWx0cmEtY2hlYXAtY2xvdWQtc3RvY2tzLXdvcnRoLXdhdGNoaW5nLWluLWp1bmUtMTAzMzQ2ODM0NdIBAA?hl=en-CA&gl=CA&ceid=CA%3Aen
4 popular machine learning certificates to get in 2024,2024-06-11 18:13:16.600323,news.google.com/articles/CBMibGh0dHBzOi8vd3d3LnRlY2h0YXJnZXQuY29tL3NlYXJjaGNsb3VkY29tcHV0aW5nL3RpcC8zLXBvcHVsYXItbWFjaGluZS1sZWFybmluZy1jZXJ0aWZpY2F0aW9ucy10by1nZXQtaW4tMjAyMtIBAA?hl=en-CA&gl=CA&ceid=CA%3Aen
IBM (IBM) Stock Sinks As Market Gains: What You Should Know,2024-06-11 18:13:16.600323,news.google.com/articles/CBMiUWh0dHBzOi8vdWsuc3R5bGUueWFob28uY29tL2ZpbmFuY2UvbmV3cy9pYm0taWJtLXN0b2NrLXNpbmtzLW1hcmtldC0yMTQ1MDk0MjAuaHRtbNIBAA?hl=en-CA&gl=CA&ceid=CA%3Aen
"As NVIDIA, IBM and others apply AI to boost utilities, regulatory and data privacy obstacles abound",2024-06-11 18:13:16.600323,news.google.com/articles/CBMiSGh0dHBzOi8vZmluYW5jZS55YWhvby5jb20vbmV3cy9udmlkaWEtaWJtLW90aGVycy1hcHBseS1haS0wOTAwMDAxMzIuaHRtbNIBAA?hl=en-CA&gl=CA&ceid=CA%3Aen
International Business Machines (NYSE:IBM) Stock Price Down 1.4%,2024-06-11 18:13:16.600323,news.google.com/articles/CBMiTmh0dHBzOi8vd3d3Lm1hcmtldGJlYXQuY29tL2luc3RhbnQtYWxlcnRzL255c2UtaWJtLXBlcmNlbnQtZGVjbGluZS0yMDI0LTA2LTExL9IBAA?hl=en-CA&gl=CA&ceid=CA%3Aen
NatWest prepares to introduce GenAI-powered virtual assistant Cora+ in collaboration with IBM,2024-06-11 18:13:16.607946,news.google.com/articles/CBMihAFodHRwczovL3d3dy5maW50ZWNoZnV0dXJlcy5jb20vMjAyNC8wNi9uYXR3ZXN0LXByZXBhcmVzLXRvLWludHJvZHVjZS1nZW5haS1wb3dlcmVkLXZpcnR1YWwtYXNzaXN0YW50LWNvcmEtaW4tY29sbGFib3JhdGlvbi13aXRoLWlibS_SAQA?hl=en-CA&gl=CA&ceid=CA%3Aen
Containing Damage and Accelerating Recovery from Data Breaches,2024-06-11 18:13:16.609062,news.google.com/articles/CBMiamh0dHBzOi8vd3d3LmZpZXJjZWhlYWx0aGNhcmUuY29tL3ByZW1pdW0vd2ViaW5hci9jb250YWluaW5nLWRhbWFnZS1hbmQtYWNjZWxlcmF0aW5nLXJlY292ZXJ5LWRhdGEtYnJlYWNoZXPSAQA?hl=en-CA&gl=CA&ceid=CA%3Aen
21CS Releases Enhanced Version of IBM Streams,2024-06-12 18:13:16.593704,news.google.com/articles/CBMiT2h0dHBzOi8vd3d3LmFjY2Vzc3dpcmUuY29tLzg3NTk0MC8yMWNzLXJlbGVhc2VzLWVuaGFuY2VkLXZlcnNpb24tb2YtaWJtLXN0cmVhbXPSAQA?hl=en-CA&gl=CA&ceid=CA%3Aen
"Bank CEOs want AI ASAP, but workplace resistance persists: IBM survey",2024-06-12 18:13:16.593704,news.google.com/articles/CBMiR2h0dHBzOi8vZmluYW5jaWFscG9zdC5jb20vZnAtd29yay9iYW5rLWNlb3MtYWktd29ya3BsYWNlLXJlc2lzdGFuY2UtaWJt0gEA?hl=en-CA&gl=CA&ceid=CA%3Aen
IBM-Hashicorp: Shareholder lawsuit seeks to derail $6.4 billion acquisition,2024-06-12 18:13:16.593704,news.google.com/articles/CBMicmh0dHBzOi8vd3d3LmNpby5jb20vYXJ0aWNsZS8yMTQ0MDI4L2libS1oYXNoaWNvcnAtc2hhcmVob2xkZXItbGF3c3VpdC1zZWVrcy10by1kZXJhaWwtNi00LWJpbGxpb24tYWNxdWlzaXRpb24uaHRtbNIBcmh0dHBzOi8vd3d3LmNpby5jb20vYXJ0aWNsZS8yMTQ0MDI4L2libS1oYXNoaWNvcnAtc2hhcmVob2xkZXItbGF3c3VpdC1zZWVrcy10by1kZXJhaWwtNi00LWJpbGxpb24tYWNxdWlzaXRpb24uaHRtbA?hl=en-CA&gl=CA&ceid=CA%3Aen
Rapidus and IBM Expand Collaboration to Chiplet Packaging Technology,2024-06-12 18:13:16.600323,news.google.com/articles/CBMiXWh0dHBzOi8vd3d3LmVldGFzaWEuY29tL3JhcGlkdXMtYW5kLWlibS1leHBhbmQtY29sbGFib3JhdGlvbi10by1jaGlwbGV0LXBhY2thZ2luZy10ZWNobm9sb2d5L9IBAA?hl=en-CA&gl=CA&ceid=CA%3Aen
"GlobalFoundries sues IBM, says trade secrets were unlawfully given to Japan's Rapidus",2024-06-12 18:13:16.600323,news.google.com/articles/CBMiTGh0dHBzOi8vc2cubmV3cy55YWhvby5jb20vZ2xvYmFsZm91bmRyaWVzLXN1ZXMtaWJtLXNheXMtdHJhZGUtMTMzODU1MzM2Lmh0bWzSAQA?hl=en-CA&gl=CA&ceid=CA%3Aen
International Business Machines (NYSE:IBM) Stock Price Up 0.5%,2024-06-12 18:13:16.600323,news.google.com/articles/CBMiTmh0dHBzOi8vd3d3Lm1hcmtldGJlYXQuY29tL2luc3RhbnQtYWxlcnRzL255c2UtaWJtLXBlcmNlbnQtYWR2YW5jZS0yMDI0LTA2LTEyL9IBAA?hl=en-CA&gl=CA&ceid=CA%3Aen
"Generative AI Could Significantly Improve Product Innovation, Says IBM | ESM Magazine",2024-06-12 18:13:16.600323,news.google.com/articles/CBMic2h0dHBzOi8vd3d3LmVzbW1hZ2F6aW5lLmNvbS90ZWNobm9sb2d5L2dlbmVyYXRpdmUtYWktY291bGQtc2lnbmlmaWNhbnRseS1pbXByb3ZlLXByb2R1Y3QtaW5ub3ZhdGlvbi1zYXlzLWlibS0yNjcyMDTSAQA?hl=en-CA&gl=CA&ceid=CA%3Aen
IBM on Transformation to AI-Enabled Experiences,2024-06-12 18:13:16.600323,news.google.com/articles/CBMiZmh0dHBzOi8vd3d3LmJsb29tYmVyZy5jb20vbmV3cy92aWRlb3MvMjAyNC0wNi0xMi9pYm0tb24tdHJhbnNmb3JtYXRpb24tdG8tYWktZW5hYmxlZC1leHBlcmllbmNlcy12aWRlb9IBAA?hl=en-CA&gl=CA&ceid=CA%3Aen
Adobe Employees Slam the Company Over AI Controversy,2024-06-12 18:13:16.607946,news.google.com/articles/CBMiV2h0dHBzOi8vd3d3LmJ1c2luZXNzaW5zaWRlci5jb20vYWRvYmUtZW1wbG95ZWVzLXNsYW0tY29tcGFueS1vdmVyLWFpLWNvbnRyb3ZlcnN5LTIwMjQtNtIBAA?hl=en-CA&gl=CA&ceid=CA%3Aen
CIO Streamlines Corporate Data Governance,2024-06-13 14:15:06.707990,news.google.com/articles/CBMiLmh0dHBzOi8vd3d3LmlibS5jb20vY2FzZS1zdHVkaWVzL29wZW5wYWdlcy1ncmPSAQA?hl=en-CA&gl=CA&ceid=CA%3Aen
IBM Bets Big on $1T Hybrid Cloud Market With Business Spin-off,2024-06-13 14:15:06.707990,news.google.com/articles/CBMiRmh0dHBzOi8vdWsuc3R5bGUueWFob28uY29tL3N0eWxlL2libS1iZXRzLWJpZy0xdC1oeWJyaWQtMTMzNDAxNzc1Lmh0bWzSAQA?hl=en-CA&gl=CA&ceid=CA%3Aen
IBM thinks it's ready to turn quantum computing into an actual business,2024-06-13 14:15:06.707990,news.google.com/articles/CBMiRmh0dHBzOi8vbnoubmV3cy55YWhvby5jb20vaWJtLXRoaW5rcy1yZWFkeS10dXJuLXF1YW50dW0tMDUwMTAwNTc0Lmh0bWzSAQA?hl=en-CA&gl=CA&ceid=CA%3Aen
"US, Canada plan North American chip corridor, starting with IBM expansion",2024-06-13 14:15:06.707990,news.google.com/articles/CBMiT2h0dHBzOi8vY2EubW92aWVzLnlhaG9vLmNvbS9tb3ZpZXMvdXMtY2FuYWRhLXBsYW4tbm9ydGgtYW1lcmljYW4tMjExNzI2NjIwLmh0bWzSAQA?hl=en-CA&gl=CA&ceid=CA%3Aen
The time is now for quantum-readiness,2024-06-13 14:15:06.707990,news.google.com/articles/CBMiPWh0dHBzOi8vZnV0dXJlY2lvLnRlY2gvdGhlLXRpbWUtaXMtbm93LWZvci1xdWFudHVtLXJlYWRpbmVzcy_SAQA?hl=en-CA&gl=CA&ceid=CA%3Aen
Far East Organization,2024-06-13 14:15:06.707990,news.google.com/articles/CBMiNmh0dHBzOi8vd3d3LmlibS5jb20vY2FzZS1zdHVkaWVzL2Zhci1lYXN0LW9yZ2FuaXphdGlvbtIBAA?hl=en-CA&gl=CA&ceid=CA%3Aen
Transcript: The Futurist Summit: The Age of AI: The Future of AI is Open: Sponsored by IBM,2024-06-13 14:15:06.707990,news.google.com/articles/CBMihAFodHRwczovL3d3dy53YXNoaW5ndG9ucG9zdC5jb20vd2FzaGluZ3Rvbi1wb3N0LWxpdmUvMjAyNC8wNi8xMy90cmFuc2NyaXB0LWZ1dHVyaXN0LXN1bW1pdC1hZ2UtYWktZnV0dXJlLWFpLWlzLW9wZW4tc3BvbnNvcmVkLWJ5LWlibS_SAQA?hl=en-CA&gl=CA&ceid=CA%3Aen
boxxe,2024-06-13 14:15:06.707990,news.google.com/articles/CBMiJmh0dHBzOi8vd3d3LmlibS5jb20vY2FzZS1zdHVkaWVzL2JveHhl0gEA?hl=en-CA&gl=CA&ceid=CA%3Aen
International Business Machines (NYSE:IBM) Shares Down 0.2%,2024-06-13 14:15:06.707990,news.google.com/articles/CBMiTmh0dHBzOi8vd3d3Lm1hcmtldGJlYXQuY29tL2luc3RhbnQtYWxlcnRzL255c2UtaWJtLXBlcmNlbnQtZGVjbGluZS0yMDI0LTA2LTEzL9IBAA?hl=en-CA&gl=CA&ceid=CA%3Aen
WPP,2024-06-13 14:15:06.707990,news.google.com/articles/CBMiJGh0dHBzOi8vd3d3LmlibS5jb20vY2FzZS1zdHVkaWVzL3dwcNIBAA?hl=en-CA&gl=CA&ceid=CA%3Aen
Best practices for augmenting human intelligence with AI,2024-06-13 14:15:06.707990,news.google.com/articles/CBMiUmh0dHBzOi8vd3d3LmlibS5jb20vYmxvZy9iZXN0LXByYWN0aWNlcy1mb3ItYXVnbWVudGluZy1odW1hbi1pbnRlbGxpZ2VuY2Utd2l0aC1haS_SAQA?hl=en-CA&gl=CA&ceid=CA%3Aen
IBM to invest $1 billion to create new business unit for Watson,2024-06-13 14:15:06.707990,news.google.com/articles/CBMiRGh0dHBzOi8vYXUubmV3cy55YWhvby5jb20vaWJtLWludmVzdC0xLWJpbGxpb24tY3JlYXRlLTA3MTU0NzY5MC5odG1s0gEA?hl=en-CA&gl=CA&ceid=CA%3Aen
U.S.-Japan Foundry Cooperation Intensifies: A Threat to Samsung Electronics?,2024-06-13 14:15:06.718936,news.google.com/articles/CBMiQmh0dHBzOi8vd3d3LmJ1c2luZXNza29yZWEuY28ua3IvbmV3cy9hcnRpY2xlVmlldy5odG1sP2lkeG5vPTIxOTA1NNIBAA?hl=en-CA&gl=CA&ceid=CA%3Aen
Kerala to host international Gen AI conclave in partnership with IBM,2024-06-13 14:15:06.718936,news.google.com/articles/CBMiggFodHRwczovL2VuZ2xpc2gubWF0aHJ1Ymh1bWkuY29tL2ZlYXR1cmVzL3RlY2hub2xvZ3kva2VyYWxhLXRvLWhvc3QtaW50ZXJuYXRpb25hbC1nZW4tYWktY29uY2xhdmUtaW4tcGFydG5lcnNoaXAtd2l0aC1pYm0tMS45NjM1NTE50gGGAWh0dHBzOi8vZW5nbGlzaC5tYXRocnViaHVtaS5jb20vYW1wL2ZlYXR1cmVzL3RlY2hub2xvZ3kva2VyYWxhLXRvLWhvc3QtaW50ZXJuYXRpb25hbC1nZW4tYWktY29uY2xhdmUtaW4tcGFydG5lcnNoaXAtd2l0aC1pYm0tMS45NjM1NTE5?hl=en-CA&gl=CA&ceid=CA%3Aen
Kerala partners with IBM to host global conclave on Gen AI,2024-06-13 14:15:06.718936,news.google.com/articles/CBMicmh0dHBzOi8vaW4uaW52ZXN0aW5nLmNvbS9uZXdzL3N0b2NrLW1hcmtldC1uZXdzL2tlcmFsYS1wYXJ0bmVycy13aXRoLWlibS10by1ob3N0LWdsb2JhbC1jb25jbGF2ZS1vbi1nZW4tYWktNDI1MTU4MNIBAA?hl=en-CA&gl=CA&ceid=CA%3Aen
Sevilla FC uses AI-Powered Scout Advisor from IBM for player recruitment,2024-06-13 14:15:06.718936,news.google.com/articles/CBMif2h0dHBzOi8vaW5mb3RlY2hsZWFkLmNvbS9hcnRpZmljaWFsLWludGVsbGlnZW5jZS9zZXZpbGxhLWZjLXVzZXMtYWktcG93ZXJlZC1zY291dC1hZHZpc29yLWZyb20taWJtLWZvci1wbGF5ZXItcmVjcnVpdG1lbnQtODUzMjfSAQA?hl=en-CA&gl=CA&ceid=CA%3Aen
Kerala government partners with IBM to host global conclave on Gen AI,2024-06-13 14:15:06.718936,news.google.com/articles/CBMidGh0dHBzOi8vd3d3Lm5ld3M5bGl2ZS5jb20vc3RhdGUva2VyYWxhL2tlcmFsYS1nb3Zlcm5tZW50LXBhcnRuZXJzLXdpdGgtaWJtLXRvLWhvc3QtZ2xvYmFsLWNvbmNsYXZlLW9uLWdlbi1haS0yNTc1OTQ10gF4aHR0cHM6Ly93d3cubmV3czlsaXZlLmNvbS9zdGF0ZS9rZXJhbGEva2VyYWxhLWdvdmVybm1lbnQtcGFydG5lcnMtd2l0aC1pYm0tdG8taG9zdC1nbG9iYWwtY29uY2xhdmUtb24tZ2VuLWFpLTI1NzU5NDUvYW1w?hl=en-CA&gl=CA&ceid=CA%3Aen
Kerala Partners with IBM to Host Global Conclave on Generative AI,2024-06-13 14:15:06.718936,news.google.com/articles/CBMigQFodHRwczovL3d3dy5zaWxpY29uaW5kaWEuY29tL25ld3MvZ2VuZXJhbC9rZXJhbGEtcGFydG5lcnMtd2l0aC1pYm0tdG8taG9zdC1nbG9iYWwtY29uY2xhdmUtb24tZ2VuZXJhdGl2ZS1haS1uaWQtMjMwMTY3LWNpZC0xLmh0bWzSAQA?hl=en-CA&gl=CA&ceid=CA%3Aen
T-Mobile unlocks marketing efficiency with Adobe Workfront,2024-06-13 14:15:06.718936,news.google.com/articles/CBMiVGh0dHBzOi8vd3d3LmlibS5jb20vYmxvZy90LW1vYmlsZS11bmxvY2tzLW1hcmtldGluZy1lZmZpY2llbmN5LXdpdGgtYWRvYmUtd29ya2Zyb250L9IBAA?hl=en-CA&gl=CA&ceid=CA%3Aen
IBM Resets Antitrust Review Clock For $6.4B HashiCorp Buy,2024-06-13 14:15:06.718936,news.google.com/articles/CBMiYGh0dHBzOi8vd3d3LmxhdzM2MC5jb20vYXJ0aWNsZXMvMTg0NzU0NC9pYm0tcmVzZXRzLWFudGl0cnVzdC1yZXZpZXctY2xvY2stZm9yLTYtNGItaGFzaGljb3JwLWJ1edIBK2h0dHBzOi8vd3d3LmxhdzM2MC5jb20vYW1wL2FydGljbGVzLzE4NDc1NDQ?hl=en-CA&gl=CA&ceid=CA%3Aen
AMD CEO Lisa Su reminisces about designing the PS3's…,2024-06-13 14:15:06.718936,news.google.com/articles/CBMifWh0dHBzOi8vd3d3Lmlua2wuY29tL25ld3MvYW1kLWNlby1saXNhLXN1LXJlbWluaXNjZXMtYWJvdXQtZGVzaWduaW5nLXRoZS1wczMtcy1pbmZhbW91cy1jZWxsLXByb2Nlc3Nvci1kdXJpbmctaGVyLXRpbWUtYXQtaWJt0gEA?hl=en-CA&gl=CA&ceid=CA%3Aen
Developer Of Former IBM/HNA Center Presents Revised Plan With Additional Housing Density,2024-06-13 14:15:06.718936,news.google.com/articles/CBMidWh0dHBzOi8vcmNiaXpqb3VybmFsLmNvbS8yMDI0LzA2LzEzL2RldmVsb3Blci1vZi1mb3JtZXItaWJtLWhuYS1jZW50ZXItcHJlc2VudHMtcmV2aXNlZC1wbGFuLXdpdGgtYWRkaXRpb25hbC1kZW5zaXR5L9IBAA?hl=en-CA&gl=CA&ceid=CA%3Aen
"Lynn Conway, microchip pioneer and trans rights advocate, dies at 86",2024-06-13 14:15:06.718936,news.google.com/articles/CBMiRmh0dHBzOi8vd3d3Lndhc2hpbmd0b25wb3N0LmNvbS9vYml0dWFyaWVzLzIwMjQvMDYvMTMvbHlubi1jb253YXktZGVhZC_SAQA?hl=en-CA&gl=CA&ceid=CA%3Aen
Bayesian Capital Management LP Buys Shares of 39388 International Business Machines Co. (NYSE:IBM),2024-06-13 14:15:06.718936,news.google.com/articles/CBMiiwFodHRwczovL3d3dy5kZWZlbnNld29ybGQubmV0LzIwMjQvMDYvMTMvYmF5ZXNpYW4tY2FwaXRhbC1tYW5hZ2VtZW50LWxwLWJ1eXMtc2hhcmVzLW9mLTM5Mzg4LWludGVybmF0aW9uYWwtYnVzaW5lc3MtbWFjaGluZXMtY28tbnlzZWlibS5odG1s0gEA?hl=en-CA&gl=CA&ceid=CA%3Aen
Former IBM Endicott Site Could Host Residential Project,2024-06-13 14:15:06.718936,news.google.com/articles/CBMiOWh0dHBzOi8vd25iZi5jb20vZm9ybWVyLWlibS1lbmRpY290dC1yZXNpZGVudGlhbC1wcm9qZWN0L9IBAA?hl=en-CA&gl=CA&ceid=CA%3Aen
"IBM pulls, refiles HSR notification for HashiCorp deal",2024-06-13 14:15:06.718936,news.google.com/articles/CBMia2h0dHBzOi8vd3d3Lm1zbi5jb20vZW4tdXMvbW9uZXkvY29tcGFuaWVzL2libS1wdWxscy1yZWZpbGVzLWhzci1ub3RpZmljYXRpb24tZm9yLWhhc2hpY29ycC1kZWFsL2FyLUJCMW85S3M20gEA?hl=en-CA&gl=CA&ceid=CA%3Aen
3 OG Cryptos Quietly Lockin' Down the Blockchain Turf,2024-06-13 14:15:06.718936,news.google.com/articles/CBMib2h0dHBzOi8vbWFya2V0cy5idXNpbmVzc2luc2lkZXIuY29tL25ld3Mvc3RvY2tzLzMtb2ctY3J5cHRvcy1xdWlldGx5LWxvY2tpbi1kb3duLXRoZS1ibG9ja2NoYWluLXR1cmYtMTAzMzQ3NTU4ONIBAA?hl=en-CA&gl=CA&ceid=CA%3Aen
Kerala partners with IBM to host global conclave on Gen AI in Kochi,2024-06-13 14:15:06.718936,news.google.com/articles/CBMihQFodHRwczovL3d3dy50aGVoaW5kdS5jb20vbmV3cy9uYXRpb25hbC9rZXJhbGEva2VyYWxhLXBhcnRuZXJzLXdpdGgtaWJtLXRvLWhvc3QtZ2xvYmFsLWNvbmNsYXZlLW9uLWdlbi1haS1pbi1rb2NoaS9hcnRpY2xlNjgyODYyNDIuZWNl0gGKAWh0dHBzOi8vd3d3LnRoZWhpbmR1LmNvbS9uZXdzL25hdGlvbmFsL2tlcmFsYS9rZXJhbGEtcGFydG5lcnMtd2l0aC1pYm0tdG8taG9zdC1nbG9iYWwtY29uY2xhdmUtb24tZ2VuLWFpLWluLWtvY2hpL2FydGljbGU2ODI4NjI0Mi5lY2UvYW1wLw?hl=en-CA&gl=CA&ceid=CA%3Aen
IBM's Chet Murphy joins CHTTP team,2024-06-14 14:15:06.707990,news.google.com/articles/CBMiWmh0dHBzOi8vYXUubGlmZXN0eWxlLnlhaG9vLmNvbS9saWZlc3R5bGUvMjAwNy0xMS0wOC1pYm1zLWNoZXQtbXVycGh5LWpvaW5zLWNodHRwLXRlYW0uaHRtbNIBAA?hl=en-CA&gl=CA&ceid=CA%3Aen
IBM and SAP Gen AI Solutions Elevate Business Excellence,2024-06-14 14:15:06.707990,news.google.com/articles/CBMiT2h0dHBzOi8vaW5zaWRlc2FwLmNvbS9pYm0tYW5kLXNhcC1nZW4tYWktc29sdXRpb25zLWVsZXZhdGUtYnVzaW5lc3MtZXhjZWxsZW5jZS_SAQA?hl=en-CA&gl=CA&ceid=CA%3Aen
IBM Workers Lose Appeal Over Arbitrator's Nix of Age Bias Claims,2024-06-14 14:15:06.707990,news.google.com/articles/CBMiaGh0dHBzOi8vbmV3cy5ibG9vbWJlcmdsYXcuY29tL2xpdGlnYXRpb24vaWJtLXdvcmtlcnMtbG9zZS1hcHBlYWwtb3Zlci1hcmJpdHJhdG9ycy1uaXgtb2YtYWdlLWJpYXMtY2xhaW1z0gEA?hl=en-CA&gl=CA&ceid=CA%3Aen
"Lynn Conway, microchip pioneer who overcame transgender discrimination, dies at 86",2024-06-14 14:15:06.707990,news.google.com/articles/CBMiemh0dHBzOi8va2l0Y2hlbmVyLmNpdHluZXdzLmNhLzIwMjQvMDYvMTQvbHlubi1jb253YXktbWljcm9jaGlwLXBpb25lZXItd2hvLW92ZXJjYW1lLXRyYW5zZ2VuZGVyLWRpc2NyaW1pbmF0aW9uLWRpZXMtYXQtODYv0gF-aHR0cHM6Ly9raXRjaGVuZXIuY2l0eW5ld3MuY2EvMjAyNC8wNi8xNC9seW5uLWNvbndheS1taWNyb2NoaXAtcGlvbmVlci13aG8tb3ZlcmNhbWUtdHJhbnNnZW5kZXItZGlzY3JpbWluYXRpb24tZGllcy1hdC04Ni9hbXAv?hl=en-CA&gl=CA&ceid=CA%3Aen
How Classical AI is 'Saving' Quantum Computing: A Talk with IBM's Ismael Faro,2024-06-14 14:15:06.707990,news.google.com/articles/CBMic2h0dHBzOi8vdGhlcXVhbnR1bWluc2lkZXIuY29tLzIwMjQvMDYvMTQvaG93LWNsYXNzaWNhbC1haS1pcy1zYXZpbmctcXVhbnR1bS1jb21wdXRpbmctYS10YWxrLXdpdGgtaWJtcy1pc21hZWwtZmFyby_SAQA?hl=en-CA&gl=CA&ceid=CA%3Aen
A Closer Look at IBM's Options Market Dynamics - IBM (NYSE:IBM),2024-06-14 14:15:06.707990,news.google.com/articles/CBMiZmh0dHBzOi8vd3d3LmJlbnppbmdhLmNvbS9pbnNpZ2h0cy9vcHRpb25zLzI0LzA2LzM5MzM1MzY5L2EtY2xvc2VyLWxvb2stYXQtaWJtcy1vcHRpb25zLW1hcmtldC1keW5hbWljc9IBAA?hl=en-CA&gl=CA&ceid=CA%3Aen
Making HTTPS redirects easy with IBM NS1 Connect,2024-06-14 14:15:06.707990,news.google.com/articles/CBMiV2h0dHBzOi8vd3d3LmlibS5jb20vYmxvZy9hbm5vdW5jZW1lbnQvbWFraW5nLWh0dHBzLXJlZGlyZWN0cy1lYXN5LXdpdGgtaWJtLW5zMS1jb25uZWN0L9IBAA?hl=en-CA&gl=CA&ceid=CA%3Aen
Wealthquest Corp Sells 1641 Shares of International Business Machines Co. (NYSE:IBM),2024-06-14 14:15:06.707990,news.google.com/articles/CBMifWh0dHBzOi8vd3d3LmRlZmVuc2V3b3JsZC5uZXQvMjAyNC8wNi8xNC93ZWFsdGhxdWVzdC1jb3JwLXNlbGxzLTE2NDEtc2hhcmVzLW9mLWludGVybmF0aW9uYWwtYnVzaW5lc3MtbWFjaGluZXMtY28tbnlzZWlibS5odG1s0gEA?hl=en-CA&gl=CA&ceid=CA%3Aen
"Extra Shot - part 5 featuring Appledore Research, and Pliant.io (IBM)",2024-06-14 14:15:06.707990,news.google.com/articles/CBMie2h0dHBzOi8vd3d3LnRlbGVjb210di5jb20vY29udGVudC9kc3AtbGVhZGVycy1mb3J1bS9leHRyYS1zaG90LXBhcnQtNS1mZWF0dXJpbmctYXBwbGVkb3JlLXJlc2VhcmNoLWFuZC1wbGlhbnQtaW8taWJtLTUwNjE4L9IBf2h0dHBzOi8vd3d3LnRlbGVjb210di5jb20vY29udGVudC9kc3AtbGVhZGVycy1mb3J1bS9leHRyYS1zaG90LXBhcnQtNS1mZWF0dXJpbmctYXBwbGVkb3JlLXJlc2VhcmNoLWFuZC1wbGlhbnQtaW8taWJtLTUwNjE4L2FtcC8?hl=en-CA&gl=CA&ceid=CA%3Aen
International Business Machines Corporation (IBM) is Attracting Investor Attention: Here is What You Should Know,2024-06-14 14:15:06.707990,news.google.com/articles/CBMiXWh0dHBzOi8vZmluYW5jZS55YWhvby5jb20vbmV3cy9pbnRlcm5hdGlvbmFsLWJ1c2luZXNzLW1hY2hpbmVzLWNvcnBvcmF0aW9uLWlibS0xMzAwMTcxNjIuaHRtbNIBAA?hl=en-CA&gl=CA&ceid=CA%3Aen
13634 Shares in International Business Machines Co. (NYSE:IBM) Bought by Optimist Retirement Group LLC,2024-06-14 14:15:06.718432,news.google.com/articles/CBMijwFodHRwczovL3d3dy5kZWZlbnNld29ybGQubmV0LzIwMjQvMDYvMTQvMTM2MzQtc2hhcmVzLWluLWludGVybmF0aW9uYWwtYnVzaW5lc3MtbWFjaGluZXMtY28tbnlzZWlibS1ib3VnaHQtYnktb3B0aW1pc3QtcmV0aXJlbWVudC1ncm91cC1sbGMuaHRtbNIBAA?hl=en-CA&gl=CA&ceid=CA%3Aen
IBM dream to gobble up HashiCorp challenged in court,2024-06-14 14:15:06.718432,news.google.com/articles/CBMikgFodHRwczovL3d3dy5tc24uY29tL2VuLXVzL21vbmV5L21hcmtldHMvaWJtLWRyZWFtLXRvLWdvYmJsZS11cC1oYXNoaWNvcnAtY2hhbGxlbmdlZC1pbi1jb3VydC9hci1CQjFvMkFoUT9pdGVtPWZsaWdodHNwcmctdGlwc3Vic2MtdjFhP3NlYXNvbj0yMDI0L9IBAA?hl=en-CA&gl=CA&ceid=CA%3Aen
Public Employees Retirement System of Ohio Purchases 6527 Shares of International Business Machines Co. (NYSE ...,2024-06-14 14:15:06.718936,news.google.com/articles/CBMimwFodHRwczovL3d3dy5kZWZlbnNld29ybGQubmV0LzIwMjQvMDYvMTQvcHVibGljLWVtcGxveWVlcy1yZXRpcmVtZW50LXN5c3RlbS1vZi1vaGlvLXB1cmNoYXNlcy02NTI3LXNoYXJlcy1vZi1pbnRlcm5hdGlvbmFsLWJ1c2luZXNzLW1hY2hpbmVzLWNvLW55c2VpYm0uaHRtbNIBAA?hl=en-CA&gl=CA&ceid=CA%3Aen
Guest Viewpoint: Former IBM campus shaping up after years of neglect,2024-06-14 14:15:06.718936,news.google.com/articles/CBMiRGh0dHBzOi8vd3d3LmFvbC5jb20vZ3Vlc3Qtdmlld3BvaW50LWZvcm1lci1pYm0tY2FtcHVzLTA5MDUzOTIwMy5odG1s0gEA?hl=en-CA&gl=CA&ceid=CA%3Aen
Nancy Elizabeth Hamilton Obituary,2024-06-14 14:15:06.718936,news.google.com/articles/CBMiL2h0dHBzOi8vd3d3Lmtub3huZXdzLmNvbS9vYml0dWFyaWVzL3Bva3IwODUzMjAw0gEA?hl=en-CA&gl=CA&ceid=CA%3Aen
IBM Cuts Workers' Hours to Save Money,2024-06-14 14:15:06.718936,news.google.com/articles/CBMiSGh0dHBzOi8vd3d3LmFvbC5jb20vMjAxMy0wNS0wMi1pYm0tY3V0cy13b3JrZXJzLWhvdXJzLXRvLXNhdmUtbW9uZXkuaHRtbNIBAA?hl=en-CA&gl=CA&ceid=CA%3Aen
"Microchip Design Pioneer Lynn Conway Dies at 86, Overcoming Transgender Discrimination",2024-06-14 14:15:06.718936,news.google.com/articles/CBMihQFodHRwczovL3RlY2h0aW1lcy5jb20vYXJ0aWNsZXMvMzA1NzE3LzIwMjQwNjE0L21pY3JvY2hpcC1kZXNpZ24tcGlvbmVlci1seW5uLWNvbndheS1kaWVzLTg2LW92ZXJjb21pbmctdHJhbnNnZW5kZXItZGlzY3JpbWluYXRpb24uaHRt0gEA?hl=en-CA&gl=CA&ceid=CA%3Aen
An Attempt to Mine Bitcoin on 1960s IBM Mainframe,2024-06-14 14:15:06.718936,news.google.com/articles/CBMiT2h0dHBzOi8vd3d3Lm5ld3NidGMuY29tL25ld3MvYW4tYXR0ZW1wdC10by1taW5lLWJpdGNvaW4tb24tMTk2MHMtaWJtLW1haW5mcmFtZS_SAVNodHRwczovL3d3dy5uZXdzYnRjLmNvbS9uZXdzL2FuLWF0dGVtcHQtdG8tbWluZS1iaXRjb2luLW9uLTE5NjBzLWlibS1tYWluZnJhbWUvYW1wLw?hl=en-CA&gl=CA&ceid=CA%3Aen
Augmented Analytics in BFSI Market to Witness Significant Growth with ~24.4% CAGR by 2032 | IBM Corporation,2024-06-14 14:15:06.718936,news.google.com/articles/CBMinQFodHRwczovL3d3dy53aGF0ZWNoLmNvbS9vZy9tYXJrZXRzLXJlc2VhcmNoL2l0Lzg0MjMyMy1hdWdtZW50ZWQtYW5hbHl0aWNzLWluLWJmc2ktbWFya2V0LXRvLXdpdG5lc3Mtc2lnbmlmaWNhbnQtZ3Jvd3RoLXdpdGgtMjQtNC1jYWdyLWJ5LTIwMzItaWJtLWNvcnBvcmF0aW9u0gGhAWh0dHBzOi8vd3d3LndoYXRlY2guY29tL29nL21hcmtldHMtcmVzZWFyY2gvaXQvODQyMzIzLWF1Z21lbnRlZC1hbmFseXRpY3MtaW4tYmZzaS1tYXJrZXQtdG8td2l0bmVzcy1zaWduaWZpY2FudC1ncm93dGgtd2l0aC0yNC00LWNhZ3ItYnktMjAzMi1pYm0tY29ycG9yYXRpb24vYW1w?hl=en-CA&gl=CA&ceid=CA%3Aen
"Lynn Conway, microchip pioneer who overcame transgender prejudice, dies aged 86",2024-06-14 14:15:06.718936,news.google.com/articles/CBMiiAFodHRwczovL3d3dy5leHByZXNzYW5kc3Rhci5jb20vbmV3cy93b3JsZC1uZXdzLzIwMjQvMDYvMTQvbHlubi1jb253YXktbWljcm9jaGlwLXBpb25lZXItd2hvLW92ZXJjYW1lLXRyYW5zZ2VuZGVyLXByZWp1ZGljZS1kaWVzLWFnZWQtODYv0gEA?hl=en-CA&gl=CA&ceid=CA%3Aen
United Advisor Group LLC Acquires New Position in International Business Machines Co. (NYSE:IBM),2024-06-14 14:15:06.718936,news.google.com/articles/CBMiiQFodHRwczovL3d3dy5kZWZlbnNld29ybGQubmV0LzIwMjQvMDYvMTQvdW5pdGVkLWFkdmlzb3ItZ3JvdXAtbGxjLWFjcXVpcmVzLW5ldy1wb3NpdGlvbi1pbi1pbnRlcm5hdGlvbmFsLWJ1c2luZXNzLW1hY2hpbmVzLWNvLW55c2VpYm0uaHRtbNIBAA?hl=en-CA&gl=CA&ceid=CA%3Aen
DC Circ. Says 'Piggybacking' Can't Save IBM Bias Claims,2024-06-14 14:15:06.718936,news.google.com/articles/CBMigAFodHRwczovL3d3dy5sYXczNjAuY29tL2VtcGxveW1lbnQtYXV0aG9yaXR5L2Rpc2NyaW1pbmF0aW9uL2FydGljbGVzLzE4NDgzODIvZGMtY2lyYy1zYXlzLXBpZ2d5YmFja2luZy1jYW4tdC1zYXZlLWlibS1iaWFzLWNsYWltc9IBQGh0dHBzOi8vd3d3LmxhdzM2MC5jb20vZW1wbG95bWVudC1hdXRob3JpdHkvYW1wL2FydGljbGVzLzE4NDgzODI?hl=en-CA&gl=CA&ceid=CA%3Aen
Kerala partners with IBM to host global conclave on Gen AI | Tap to know more | Inshorts,2024-06-14 14:15:06.718936,news.google.com/articles/CBMiZWh0dHBzOi8vaW5zaG9ydHMuY29tL2VuL25ld3Mva2VyYWxhLXBhcnRuZXJzLXdpdGgtaWJtLXRvLWhvc3QtZ2xvYmFsLWNvbmNsYXZlLW9uLWdlbi1haS0xNzE4MzM5ODcyMDU30gFpaHR0cHM6Ly9pbnNob3J0cy5jb20vZW4vYW1wX25ld3Mva2VyYWxhLXBhcnRuZXJzLXdpdGgtaWJtLXRvLWhvc3QtZ2xvYmFsLWNvbmNsYXZlLW9uLWdlbi1haS0xNzE4MzM5ODcyMDU3?hl=en-CA&gl=CA&ceid=CA%3Aen
McDonald's is ending its drive-thru AI test,2024-06-14 18:13:16.593704,news.google.com/articles/CBMiV2h0dHBzOi8vcmVzdGF1cmFudGJ1c2luZXNzb25saW5lLmNvbS90ZWNobm9sb2d5L21jZG9uYWxkcy1lbmRpbmctaXRzLWRyaXZlLXRocnUtYWktdGVzdNIBAA?hl=en-CA&gl=CA&ceid=CA%3Aen
International Business Machines Co. (NYSE:IBM) Shares Bought by Bragg Financial Advisors Inc,2024-06-15 14:15:06.707990,news.google.com/articles/CBMihQFodHRwczovL3d3dy5kZWZlbnNld29ybGQubmV0LzIwMjQvMDYvMTQvaW50ZXJuYXRpb25hbC1idXNpbmVzcy1tYWNoaW5lcy1jby1ueXNlaWJtLXNoYXJlcy1ib3VnaHQtYnktYnJhZ2ctZmluYW5jaWFsLWFkdmlzb3JzLWluYy5odG1s0gEA?hl=en-CA&gl=CA&ceid=CA%3Aen
Options Solutions LLC Increases Holdings in International Business Machines Co. (NYSE:IBM),2024-06-15 14:15:06.707990,news.google.com/articles/CBMigwFodHRwczovL3d3dy5kZWZlbnNld29ybGQubmV0LzIwMjQvMDYvMTUvb3B0aW9ucy1zb2x1dGlvbnMtbGxjLWluY3JlYXNlcy1ob2xkaW5ncy1pbi1pbnRlcm5hdGlvbmFsLWJ1c2luZXNzLW1hY2hpbmVzLWNvLW55c2VpYm0uaHRtbNIBAA?hl=en-CA&gl=CA&ceid=CA%3Aen
IBM and Japan institute team up to develop next-gen quantum computer,2024-06-15 14:15:06.707990,news.google.com/articles/CBMicGh0dHBzOi8vYXNpYS5uaWtrZWkuY29tL0J1c2luZXNzL1RlY2hub2xvZ3kvSUJNLWFuZC1KYXBhbi1pbnN0aXR1dGUtdGVhbS11cC10by1kZXZlbG9wLW5leHQtZ2VuLXF1YW50dW0tY29tcHV0ZXLSAQA?hl=en-CA&gl=CA&ceid=CA%3Aen
What Is the Levelized Cost of Energy (LCOE)?,2024-06-15 14:15:06.707990,news.google.com/articles/CBMiOWh0dHBzOi8vd3d3LmlibS5jb20vdGhpbmsvdG9waWNzL2xldmVsaXplZC1jb3N0LW9mLWVuZXJnedIBAA?hl=en-CA&gl=CA&ceid=CA%3Aen
IBM (IBM) Dips More Than Broader Markets: What You Should Know,2024-06-15 14:15:06.707990,news.google.com/articles/CBMiVGh0dHBzOi8vYXUubGlmZXN0eWxlLnlhaG9vLmNvbS9maW5hbmNlL25ld3MvaWJtLWlibS1kaXBzLW1vcmUtYnJvYWRlci0yMjQ1MTA2NjMuaHRtbNIBAA?hl=en-CA&gl=CA&ceid=CA%3Aen
Northwest Bank & Trust Co Makes New Investment in International Business Machines Co. (NYSE:IBM),2024-06-15 14:15:06.707990,news.google.com/articles/CBMiSWh0dHBzOi8vd3d3Lm1hcmtldGJlYXQuY29tL2luc3RhbnQtYWxlcnRzL255c2UtaWJtLXNlYy1maWxpbmctMjAyNC0wNi0xNS_SAQA?hl=en-CA&gl=CA&ceid=CA%3Aen
"Orangetown Accedes To ""Emergency"" Request From Developer Who Wants To Build 342 Units At Former IBM/HNA ...",2024-06-15 14:15:06.718936,news.google.com/articles/CBMipAFodHRwczovL3JjYml6am91cm5hbC5jb20vMjAyNC8wNi8xNS9vcmFuZ2V0b3duLWFjY2VkZXMtdG8tZW1lcmdlbmN5LXJlcXVlc3QtZnJvbS1kZXZlbG9wZXItd2hvLXdhbnRzLXRvLWJ1aWxkLTM0Mi11bml0cy1hdC1mb3JtZXItaWJtLWhuYS1wYWxpc2FkZXMtdHJhaW5pbmctY2VudGVyL9IBAA?hl=en-CA&gl=CA&ceid=CA%3Aen
Able Wealth Management LLC Purchases Shares of 419 International Business Machines Co. (NYSE:IBM),2024-06-15 14:15:06.718936,news.google.com/articles/CBMiigFodHRwczovL3d3dy5kZWZlbnNld29ybGQubmV0LzIwMjQvMDYvMTUvYWJsZS13ZWFsdGgtbWFuYWdlbWVudC1sbGMtcHVyY2hhc2VzLXNoYXJlcy1vZi00MTktaW50ZXJuYXRpb25hbC1idXNpbmVzcy1tYWNoaW5lcy1jby1ueXNlaWJtLmh0bWzSAQA?hl=en-CA&gl=CA&ceid=CA%3Aen
Abandoned History: Oldsmobile's Guidestar Navigation System and Other Cartography (Part V),2024-06-15 18:13:08.889417,news.google.com/articles/CBMitwFodHRwczovL3d3dy5tc24uY29tL2VuLXVzL21vbmV5L2NvbXBhbmllcy9hYmFuZG9uZWQtaGlzdG9yeS1vbGRzbW9iaWxlLXMtZ3VpZGVzdGFyLW5hdmlnYXRpb24tc3lzdGVtLWFuZC1vdGhlci1jYXJ0b2dyYXBoeS1wYXJ0LXYvYXItQUExbHpKSmM_aXRlbT1mbGlnaHRzcHJnLXRpcHN1YnNjLXYxYT9zZWFzb249MjAyNC_SAQA?hl=en-CA&gl=CA&ceid=CA%3Aen
The Dividend Dukes: 3 Stocks That Will Elevate Your Portfolio's Nobility,2024-06-15 18:13:08.889417,news.google.com/articles/CBMifWh0dHBzOi8vd3d3Lm1zbi5jb20vZW4tdXMvbW9uZXkvdG9wc3RvY2tzL3RoZS1kaXZpZGVuZC1kdWtlcy0zLXN0b2Nrcy10aGF0LXdpbGwtZWxldmF0ZS15b3VyLXBvcnRmb2xpby1zLW5vYmlsaXR5L2FyLUJCMW9hQWVi0gEA?hl=en-CA&gl=CA&ceid=CA%3Aen
Raymond G. Guillet,2024-06-15 18:13:08.889417,news.google.com/articles/CBMiP2h0dHBzOi8vd3d3LnJlcC1hbS5jb20vb2JpdHVhcmllcy8yMDI0LzA2LzE1L3JheW1vbmQtZy1ndWlsbGV0L9IBAA?hl=en-CA&gl=CA&ceid=CA%3Aen
"Lynn Conway, Microchip Pioneer who Overcame Transgender Discrimination, Dies at 86 | EDGE United States",2024-06-15 18:13:08.889417,news.google.com/articles/CBMiLWh0dHBzOi8vd3d3LmVkZ2VtZWRpYW5ldHdvcmsuY29tL3N0b3J5LzMzMzgyOdIBAA?hl=en-CA&gl=CA&ceid=CA%3Aen
"Thomas Stone Obituary (2024) - Savannah, GA - Fox & Weeks Funeral Directors - Hodgson Chapel",2024-06-15 18:13:08.889417,news.google.com/articles/CBMiS2h0dHBzOi8vd3d3LmxlZ2FjeS5jb20vdXMvb2JpdHVhcmllcy9uYW1lL3Rob21hcy1zdG9uZS1vYml0dWFyeT9pZD01NTM1MzAzNNIBAA?hl=en-CA&gl=CA&ceid=CA%3Aen
3 Tech Stocks With A History Of Reliable Dividends,2024-06-15 18:13:08.889417,news.google.com/articles/CBMiT2h0dHBzOi8vdWsuZmluYW5jZS55YWhvby5jb20vbmV3cy8zLXRlY2gtc3RvY2tzLWhpc3RvcnktcmVsaWFibGUtMTcxMjM0NzM0Lmh0bWzSAQA?hl=en-CA&gl=CA&ceid=CA%3Aen
How to make boot media for PowerPC Macs on modern hardware - Mac Software Discussions on AppleInsider Forums,2024-06-15 18:13:08.889417,news.google.com/articles/CBMiMWh0dHBzOi8vZm9ydW1zLmFwcGxlaW5zaWRlci5jb20vZGlzY3Vzc2lvbi8yMzY3NjPSAQA?hl=en-CA&gl=CA&ceid=CA%3Aen
Red Hat Launches RHEL AI and InstructLab to Bring Generative AI to the Enterprise,2024-06-15 18:13:08.889417,news.google.com/articles/CBMiemh0dHBzOi8vd3d3Lmdsb2JhbHZpbGxhZ2VzcGFjZS5jb20vdGVjaC9yZWQtaGF0LWxhdW5jaGVzLXJoZWwtYWktYW5kLWluc3RydWN0bGFiLXRvLWJyaW5nLWdlbmVyYXRpdmUtYWktdG8tdGhlLWVudGVycHJpc2Uv0gEA?hl=en-CA&gl=CA&ceid=CA%3Aen
"Top multinational companies bet big on Hyderabad's commercial real estate market, lease 8.7 lakh sq ft of office space",2024-06-15 18:13:08.889417,news.google.com/articles/CBMisgFodHRwczovL3d3dy5tc24uY29tL2VuLWluL25ld3MvSW5kaWEvdG9wLW11bHRpbmF0aW9uYWwtY29tcGFuaWVzLWJldC1iaWctb24taHlkZXJhYmFkLXMtY29tbWVyY2lhbC1yZWFsLWVzdGF0ZS1tYXJrZXQtbGVhc2UtOC03LWxha2gtc3EtZnQtb2Ytb2ZmaWNlLXNwYWNlL2FyLUJCMW8xYjhnP29jaWQ9TEVOREhQ0gEA?hl=en-CA&gl=CA&ceid=CA%3Aen
Lynn Conway has passed.,2024-06-15 18:13:08.889417,news.google.com/articles/CBMiSmh0dHBzOi8vd3d3LmRhaWx5a29zLmNvbS9zdG9yaWVzLzIwMjQvNi8xNS8yMjQ2ODQxLy1MeW5uLUNvbndheS1oYXMtcGFzc2Vk0gEA?hl=en-CA&gl=CA&ceid=CA%3Aen
Taylor Financial Group Inc. Takes $209000 Position in International Business Machines Co. (NYSE:IBM),2024-06-15 18:13:08.889417,news.google.com/articles/CBMiiwFodHRwczovL3d3dy5kZWZlbnNld29ybGQubmV0LzIwMjQvMDYvMTUvdGF5bG9yLWZpbmFuY2lhbC1ncm91cC1pbmMtdGFrZXMtMjA5MDAwLXBvc2l0aW9uLWluLWludGVybmF0aW9uYWwtYnVzaW5lc3MtbWFjaGluZXMtY28tbnlzZWlibS5odG1s0gEA?hl=en-CA&gl=CA&ceid=CA%3Aen
"Lynn Conway, Computing Pioneer and Transgender Advocate, Dies at 86",2024-06-15 18:13:08.889417,news.google.com/articles/CBMiQ2h0dHBzOi8vd3d3Lm55dGltZXMuY29tLzIwMjQvMDYvMTUvdGVjaG5vbG9neS9seW5uLWNvbndheS1kZWFkLmh0bWzSAQA?hl=en-CA&gl=CA&ceid=CA%3Aen
Stock market today: Dow sidesteps tech wreck to keep winning streak alive,2024-06-15 18:13:08.889417,news.google.com/articles/CBMiUGh0dHBzOi8vY2Euc3R5bGUueWFob28uY29tL3N0eWxlL3N0b2NrLW1hcmtldC10b2RheS1kb3ctc2lkZXN0ZXBzLTE2MTcwMzI5Ni5odG1s0gEA?hl=en-CA&gl=CA&ceid=CA%3Aen
"Natural Language Processing Platform Market to Make Great Impact in Near Future over 2031 Amazon, Baidu, Google ...",2024-06-15 18:13:08.898364,news.google.com/articles/CBMipQFodHRwczovL3d3dy50aGVpbmRpYW5tb3ZpZWNoYW5uZWwuY29tL2F3YXJkcy9uYXR1cmFsLWxhbmd1YWdlLXByb2Nlc3NpbmctcGxhdGZvcm0tbWFya2V0LXRvLW1ha2UtZ3JlYXQtaW1wYWN0LWluLW5lYXItZnV0dXJlLW92ZXItMjAzMS1hbWF6b24tYmFpZHUtZ29vZ2xlLWlibS83Mjg5MC_SAQA?hl=en-CA&gl=CA&ceid=CA%3Aen
Expat: Multiple vulnerabilities allow denial of service,2024-06-15 18:13:08.898364,news.google.com/articles/CBMiZGh0dHBzOi8vd3d3LmJyZWFraW5nbGF0ZXN0Lm5ld3MvdGVjaG5vbG9neS9leHBhdC1tdWx0aXBsZS12dWxuZXJhYmlsaXRpZXMtYWxsb3ctZGVuaWFsLW9mLXNlcnZpY2UtMi_SAQA?hl=en-CA&gl=CA&ceid=CA%3Aen
"GDPR Services Market Booming Worldwide with Latest Trend and Future scope with Top Key Players- IBM, Veritas ...",2024-06-15 18:13:08.898364,news.google.com/articles/CBMirAFodHRwczovL3d3dy50aGVpbmRpYW5tb3ZpZWNoYW5uZWwuY29tL2F3YXJkcy9nZHByLXNlcnZpY2VzLW1hcmtldC1ib29taW5nLXdvcmxkd2lkZS13aXRoLWxhdGVzdC10cmVuZC1hbmQtZnV0dXJlLXNjb3BlLXdpdGgtdG9wLWtleS1wbGF5ZXJzLWlibS12ZXJpdGFzLWF3cy1taWNyb3NvZnQvNzExNDUv0gEA?hl=en-CA&gl=CA&ceid=CA%3Aen
IT safety: Linux is weak - expat IT safety alert replace (vulnerability: medium),2024-06-15 18:13:08.898364,news.google.com/articles/CBMidmh0dHBzOi8vd3d3LmJyZWFraW5nbGF0ZXN0Lm5ld3MvdGVjaG5vbG9neS9pdC1zYWZldHktbGludXgtaXMtd2Vhay1leHBhdC1pdC1zYWZldHktYWxlcnQtcmVwbGFjZS12dWxuZXJhYmlsaXR5LW1lZGl1bS_SAQA?hl=en-CA&gl=CA&ceid=CA%3Aen
"Anything-as-a-Service Market will touch a new level in upcoming year with Top Key Players like Cisco, Google, IBM ...",2024-06-15 18:13:08.898364,news.google.com/articles/CBMirQFodHRwczovL3d3dy50aGVpbmRpYW5tb3ZpZWNoYW5uZWwuY29tL2F3YXJkcy9hbnl0aGluZy1hcy1hLXNlcnZpY2UtbWFya2V0LXdpbGwtdG91Y2gtYS1uZXctbGV2ZWwtaW4tdXBjb21pbmcteWVhci13aXRoLXRvcC1rZXktcGxheWVycy1saWtlLWNpc2NvLWdvb2dsZS1pYm0tbWljcm9zb2Z0LzcxMTQ3L9IBAA?hl=en-CA&gl=CA&ceid=CA%3Aen
Sales Performance Management (SPM) Market Breaking New Grounds and Touch New Level in upcoming year by ...,2024-06-15 18:13:08.898364,news.google.com/articles/CBMitgFodHRwczovL3d3dy50aGVpbmRpYW5tb3ZpZWNoYW5uZWwuY29tL2F3YXJkcy9zYWxlcy1wZXJmb3JtYW5jZS1tYW5hZ2VtZW50LXNwbS1tYXJrZXQtYnJlYWtpbmctbmV3LWdyb3VuZHMtYW5kLXRvdWNoLW5ldy1sZXZlbC1pbi11cGNvbWluZy15ZWFyLWJ5LXNhcC1zYWxlc2ZvcmNlLWNvbS1pYm0tb3JhY2xlLzgxNjY0L9IBAA?hl=en-CA&gl=CA&ceid=CA%3Aen
"Network Diagnostic Tool NDT Market Scope and overview, To Develop with Increased Global Emphasis on ...",2024-06-15 18:13:08.898364,news.google.com/articles/CBMizwFodHRwczovL3d3dy50aGVpbmRpYW5tb3ZpZWNoYW5uZWwuY29tL2F3YXJkcy9uZXR3b3JrLWRpYWdub3N0aWMtdG9vbC1uZHQtbWFya2V0LXNjb3BlLWFuZC1vdmVydmlldy10by1kZXZlbG9wLXdpdGgtaW5jcmVhc2VkLWdsb2JhbC1lbXBoYXNpcy1vbi1pbmR1c3RyaWFsaXphdGlvbi0yMDMxLWlibS1taWNyb3NvZnQtZWRzLWxvY2toZWVkLW1hcnRpbi83MjI5OC_SAQA?hl=en-CA&gl=CA&ceid=CA%3Aen
"Semiconductor Advanced Process Technologies Market with Tremendous growth by 2031 – Apple, IBM, Intel ...",2024-06-15 18:13:08.898364,news.google.com/articles/CBMingFodHRwczovL3d3dy50aGVpbmRpYW5tb3ZpZWNoYW5uZWwuY29tL2F3YXJkcy9zZW1pY29uZHVjdG9yLWFkdmFuY2VkLXByb2Nlc3MtdGVjaG5vbG9naWVzLW1hcmtldC13aXRoLXRyZW1lbmRvdXMtZ3Jvd3RoLWJ5LTIwMzEtYXBwbGUtaWJtLWludGVsLXF1YWxjb21tLzc1OTAwL9IBAA?hl=en-CA&gl=CA&ceid=CA%3Aen
Intel Ethernet Controller: Security warning about a number of IT vulnerabilities,2024-06-15 18:13:08.898364,news.google.com/articles/CBMie2h0dHBzOi8vd3d3LmJyZWFraW5nbGF0ZXN0Lm5ld3MvdGVjaG5vbG9neS9pbnRlbC1ldGhlcm5ldC1jb250cm9sbGVyLXNlY3VyaXR5LXdhcm5pbmctYWJvdXQtYS1udW1iZXItb2YtaXQtdnVsbmVyYWJpbGl0aWVzL9IBAA?hl=en-CA&gl=CA&ceid=CA%3Aen
"Blade Server Solutions Market Growing Massively by Cisco, Dell, HP, IBM – TIMC",2024-06-15 18:13:08.898364,news.google.com/articles/CBMid2h0dHBzOi8vd3d3LnRoZWluZGlhbm1vdmllY2hhbm5lbC5jb20vbWVkaWEvYmxhZGUtc2VydmVyLXNvbHV0aW9ucy1tYXJrZXQtZ3Jvd2luZy1tYXNzaXZlbHktYnktY2lzY28tZGVsbC1ocC1pYm0vODIwNDQv0gEA?hl=en-CA&gl=CA&ceid=CA%3Aen
"Supply Chain Digitization Technology Market Growing Massively by SAP SE, Microsoft, IBM, Veeva – TIMC",2024-06-15 18:13:08.898364,news.google.com/articles/CBMijgFodHRwczovL3d3dy50aGVpbmRpYW5tb3ZpZWNoYW5uZWwuY29tL21lZGlhL3N1cHBseS1jaGFpbi1kaWdpdGl6YXRpb24tdGVjaG5vbG9neS1tYXJrZXQtZ3Jvd2luZy1tYXNzaXZlbHktYnktc2FwLXNlLW1pY3Jvc29mdC1pYm0tdmVldmEvODE2OTIv0gEA?hl=en-CA&gl=CA&ceid=CA%3Aen
"Bug Tracking for Software Market Breaking New Grounds and Touch New Level in upcoming year by Atlassian, IBM ...",2024-06-15 18:13:08.898364,news.google.com/articles/CBMiuAFodHRwczovL3d3dy50aGVpbmRpYW5tb3ZpZWNoYW5uZWwuY29tL21lZGlhL2J1Zy10cmFja2luZy1mb3Itc29mdHdhcmUtbWFya2V0LWJyZWFraW5nLW5ldy1ncm91bmRzLWFuZC10b3VjaC1uZXctbGV2ZWwtaW4tdXBjb21pbmcteWVhci1ieS1hdGxhc3NpYW4taWJtLWpldGJyYWlucy16b2hvY29ycG9yYXRpb24vNzg1NjIv0gEA?hl=en-CA&gl=CA&ceid=CA%3Aen
Computing pioneer Lynn Conway dies aged 86,2024-06-15 18:13:08.898364,news.google.com/articles/CBMiRmh0dHBzOi8vd3d3Lm91dGlucGVydGguY29tL2NvbXB1dGluZy1waW9uZWVyLWx5bm4tY29ud2F5LWRpZXMtYWdlZC04Ni_SAQA?hl=en-CA&gl=CA&ceid=CA%3Aen
"Who Is The Father of India's Stock Market? Not Tata Or Ambani, But A Surprising Name Revealed By Ramesh Damani",2024-06-15 18:13:08.898364,news.google.com/articles/CBMiswFodHRwczovL3d3dy50aW1lc25vd25ld3MuY29tL2J1c2luZXNzLWVjb25vbXkvbWFya2V0cy93aG8taXMtdGhlLWZhdGhlci1vZi1pbmRpYXMtc3RvY2stbWFya2V0LW5vdC10YXRhLW9yLWFtYmFuaS1idXQtYS1zdXJwcmlzaW5nLW5hbWUtcmV2ZWFsZWQtYnktcmFtZXNoLWRhbWFuaS1hcnRpY2xlLTExMTAxNTcxOdIBtwFodHRwczovL3d3dy50aW1lc25vd25ld3MuY29tL2J1c2luZXNzLWVjb25vbXkvbWFya2V0cy93aG8taXMtdGhlLWZhdGhlci1vZi1pbmRpYXMtc3RvY2stbWFya2V0LW5vdC10YXRhLW9yLWFtYmFuaS1idXQtYS1zdXJwcmlzaW5nLW5hbWUtcmV2ZWFsZWQtYnktcmFtZXNoLWRhbWFuaS1hcnRpY2xlLTExMTAxNTcxOS9hbXA?hl=en-CA&gl=CA&ceid=CA%3Aen
"Conversational Intelligence Software Market Set for Explosive Growth | IBM, Narrativa, Retresco, Drift",2024-06-15 18:13:08.898364,news.google.com/articles/CBMifGh0dHBzOi8vd3d3Lm5ld3N0cmFpbC5jb20vY29udmVyc2F0aW9uYWwtaW50ZWxsaWdlbmNlLXNvZnR3YXJlLW1hcmtldC1zZXQtZm9yLWV4cGxvc2l2ZS1ncm93dGgtaWJtLW5hcnJhdGl2YS1yZXRyZXNjby1kcmlmdC_SAQA?hl=en-CA&gl=CA&ceid=CA%3Aen
"Business Analysis Tools Market Set for Rapid Growth by 2031 – Alteryx, Inc., IBM, InCorta – TIMC",2024-06-15 18:13:08.898364,news.google.com/articles/CBMihgFodHRwczovL3d3dy50aGVpbmRpYW5tb3ZpZWNoYW5uZWwuY29tL21lZGlhL2J1c2luZXNzLWFuYWx5c2lzLXRvb2xzLW1hcmtldC1zZXQtZm9yLXJhcGlkLWdyb3d0aC1ieS0yMDMxLWFsdGVyeXgtaW5jLWlibS1pbmNvcnRhLzgyMDE1L9IBAA?hl=en-CA&gl=CA&ceid=CA%3Aen
Building strategic partnerships in e-commerce: Collaboration for growth,2024-06-15 18:13:08.898364,news.google.com/articles/CBMiW2h0dHBzOi8vZ3VhcmRpYW4ubmcvYnVpbGRpbmctc3RyYXRlZ2ljLXBhcnRuZXJzaGlwcy1pbi1lLWNvbW1lcmNlLWNvbGxhYm9yYXRpb24tZm9yLWdyb3d0aC_SAQA?hl=en-CA&gl=CA&ceid=CA%3Aen
"ICT Investment Market Size 2024: Global Share and Industry Analysis by 2031 | Microsoft, IBM, EMC, Dell – TIMC",2024-06-15 18:13:08.898364,news.google.com/articles/CBMilQFodHRwczovL3d3dy50aGVpbmRpYW5tb3ZpZWNoYW5uZWwuY29tL2F3YXJkcy9pY3QtaW52ZXN0bWVudC1tYXJrZXQtc2l6ZS0yMDI0LWdsb2JhbC1zaGFyZS1hbmQtaW5kdXN0cnktYW5hbHlzaXMtYnktMjAzMS1taWNyb3NvZnQtaWJtLWVtYy1kZWxsLzc5NzUyL9IBAA?hl=en-CA&gl=CA&ceid=CA%3Aen
"IT safety: Linux, macOS X and UNIX are threatened - IT safety alert replace for Node.js (danger: medium)",2024-06-15 18:13:08.898364,news.google.com/articles/CBMijQFodHRwczovL3d3dy5icmVha2luZ2xhdGVzdC5uZXdzL3RlY2hub2xvZ3kvaXQtc2FmZXR5LWxpbnV4LW1hY29zLXgtYW5kLXVuaXgtYXJlLXRocmVhdGVuZWQtaXQtc2FmZXR5LWFsZXJ0LXJlcGxhY2UtZm9yLW5vZGUtanMtZGFuZ2VyLW1lZGl1bS_SAQA?hl=en-CA&gl=CA&ceid=CA%3Aen
"Fan Data Analytics Market Scope and overview, To Develop with Increased Global Emphasis on Industrialization 2031 ...",2024-06-15 18:13:08.898364,news.google.com/articles/CBMi0QFodHRwczovL3d3dy50aGVpbmRpYW5tb3ZpZWNoYW5uZWwuY29tL2F3YXJkcy9mYW4tZGF0YS1hbmFseXRpY3MtbWFya2V0LXNjb3BlLWFuZC1vdmVydmlldy10by1kZXZlbG9wLXdpdGgtaW5jcmVhc2VkLWdsb2JhbC1lbXBoYXNpcy1vbi1pbmR1c3RyaWFsaXphdGlvbi0yMDMxLWRlbGwtaW5jLXNhcC1zZS1pYm0tY29ycG9yYXRpb24tZGF0YW1lZXItaW5jLzc4NjcwL9IBAA?hl=en-CA&gl=CA&ceid=CA%3Aen
McDonalds is removing its AI drive-thru voice ordering system from over 100 restaurants after its mishaps went,2024-06-15 19:13:08.889417,news.google.com/articles/CBMiuQFodHRwczovL3d3dy5idXNpbmVzc2luc2lkZXIuaW4vcmV0YWlsL25ld3MvbWNkb25hbGRzLWlzLXJlbW92aW5nLWl0cy1haS1kcml2ZS10aHJ1LXZvaWNlLW9yZGVyaW5nLXN5c3RlbS1mcm9tLW92ZXItMTAwLXJlc3RhdXJhbnRzLWFmdGVyLWl0cy1taXNoYXBzLXdlbnQtdmlyYWwvYXJ0aWNsZXNob3cvMTExMDQyODgxLmNtc9IBvQFodHRwczovL3d3dy5idXNpbmVzc2luc2lkZXIuaW4vcmV0YWlsL25ld3MvbWNkb25hbGRzLWlzLXJlbW92aW5nLWl0cy1haS1kcml2ZS10aHJ1LXZvaWNlLW9yZGVyaW5nLXN5c3RlbS1mcm9tLW92ZXItMTAwLXJlc3RhdXJhbnRzLWFmdGVyLWl0cy1taXNoYXBzLXdlbnQtdmlyYWwvYW1wX2FydGljbGVzaG93LzExMTA0Mjg4MS5jbXM?hl=en-CA&gl=CA&ceid=CA%3Aen
Fans Were Furious With Fox's Broadcast Decision During Euros Today,2024-06-15 19:13:08.889417,news.google.com/articles/CBMiYWh0dHBzOi8vdGhlc3B1bi5jb20vdG9wLXN0b3JpZXMvZmFucy13ZXJlLWZ1cmlvdXMtd2l0aC1mb3hzLWJyb2FkY2FzdC1kZWNpc2lvbi1kdXJpbmctZXVyb3MtdG9kYXnSAQA?hl=en-CA&gl=CA&ceid=CA%3Aen
Lynn Conway: Remembering the Legacy of a Computing Pioneer and Transgender Advocate,2024-06-15 22:13:08.898364,news.google.com/articles/CBMibmh0dHBzOi8vd3d3LndpcmVuZXdzZmF4LmNvbS9seW5uLWNvbndheS1yZW1lbWJlcmluZy10aGUtbGVnYWN5LW9mLWEtY29tcHV0aW5nLXBpb25lZXItYW5kLXRyYW5zZ2VuZGVyLWFkdm9jYXRl0gEA?hl=en-CA&gl=CA&ceid=CA%3Aen
"FM Software Market Growing Massively by IBM, Oracle, SAP, Archibus – TIMC",2024-06-15 23:13:08.898364,news.google.com/articles/CBMicmh0dHBzOi8vd3d3LnRoZWluZGlhbm1vdmllY2hhbm5lbC5jb20vbWVkaWEvZm0tc29mdHdhcmUtbWFya2V0LWdyb3dpbmctbWFzc2l2ZWx5LWJ5LWlibS1vcmFjbGUtc2FwLWFyY2hpYnVzLzgyMzYwL9IBAA?hl=en-CA&gl=CA&ceid=CA%3Aen
"Smart Contracts Market Analysis, Research Study With IBM, Oracle, Chainlink, Microsoft – TIMC",2024-06-16 14:15:06.718936,news.google.com/articles/CBMihgFodHRwczovL3d3dy50aGVpbmRpYW5tb3ZpZWNoYW5uZWwuY29tL2F3YXJkcy9zbWFydC1jb250cmFjdHMtbWFya2V0LWFuYWx5c2lzLXJlc2VhcmNoLXN0dWR5LXdpdGgtaWJtLW9yYWNsZS1jaGFpbmxpbmstbWljcm9zb2Z0Lzg3NjA5L9IBAA?hl=en-CA&gl=CA&ceid=CA%3Aen
What is an AI accelerator?,2024-06-16 19:33:47.371495,news.google.com/articles/CBMiL2h0dHBzOi8vd3d3LmlibS5jb20vdGhpbmsvdG9waWNzL2FpLWFjY2VsZXJhdG9y0gEA?hl=en-CA&gl=CA&ceid=CA%3Aen
Tech Tuesdays: StockX Battles Counterfeits + IBM on Gen AI Use,2024-06-16 19:33:47.371495,news.google.com/articles/CBMiUmh0dHBzOi8vc2cubmV3cy55YWhvby5jb20vdGVjaC10dWVzZGF5cy1zdG9ja3gtYmF0dGxlcy1jb3VudGVyZmVpdHMtMTQwMDIxNzEzLmh0bWzSAQA?hl=en-CA&gl=CA&ceid=CA%3Aen
AMD CEO Lisa Su reminisces about designing the PS3's infamous Cell processor during her time at IBM,2024-06-16 19:33:47.371495,news.google.com/articles/CBMimQFodHRwczovL3d3dy5tc24uY29tL2VuLXVzL25ld3MvdGVjaG5vbG9neS9hbWQtY2VvLWxpc2Etc3UtcmVtaW5pc2Nlcy1hYm91dC1kZXNpZ25pbmctdGhlLXBzMy1zLWluZmFtb3VzLWNlbGwtcHJvY2Vzc29yLWR1cmluZy1oZXItdGltZS1hdC1pYm0vYXItQkIxb2FiN2TSAQA?hl=en-CA&gl=CA&ceid=CA%3Aen
McDonald's removing AI-powered voice-order technology from drive-thrus,2024-06-16 19:33:47.371495,news.google.com/articles/CBMiVmh0dHBzOi8vd3d3LmJ1c2luZXNzaW5zaWRlci5jb20vbWNkb25hbGRzLWFpLXZvaWNlLW9yZGVyLXRlY2hub2xvZ3ktZHJpdmUtdGhydXMtMjAyNC020gFaaHR0cHM6Ly93d3cuYnVzaW5lc3NpbnNpZGVyLmNvbS9tY2RvbmFsZHMtYWktdm9pY2Utb3JkZXItdGVjaG5vbG9neS1kcml2ZS10aHJ1cy0yMDI0LTY_YW1w?hl=en-CA&gl=CA&ceid=CA%3Aen
"8,018 Shares in International Business Machines Co. (NYSE:IBM) Bought by Sierra Summit Advisors LLC",2024-06-16 19:33:47.371495,news.google.com/articles/CBMiSWh0dHBzOi8vd3d3Lm1hcmtldGJlYXQuY29tL2luc3RhbnQtYWxlcnRzL255c2UtaWJtLXNlYy1maWxpbmctMjAyNC0wNi0xNi_SAQA?hl=en-CA&gl=CA&ceid=CA%3Aen
International Business Machines (NYSE:IBM) Shares Down 0.7%,2024-06-16 19:33:47.371495,news.google.com/articles/CBMiZmh0dHBzOi8vd3d3LmRlZmVuc2V3b3JsZC5uZXQvMjAyNC8wNi8xNi9pbnRlcm5hdGlvbmFsLWJ1c2luZXNzLW1hY2hpbmVzLW55c2VpYm0tc2hhcmVzLWRvd24tMC03LTIuaHRtbNIBAA?hl=en-CA&gl=CA&ceid=CA%3Aen
Napa Wealth Management Invests $2.79 Million in International Business Machines Co. (NYSE:IBM),2024-06-16 19:33:47.371495,news.google.com/articles/CBMihgFodHRwczovL3d3dy5kZWZlbnNld29ybGQubmV0LzIwMjQvMDYvMTYvbmFwYS13ZWFsdGgtbWFuYWdlbWVudC1pbnZlc3RzLTItNzktbWlsbGlvbi1pbi1pbnRlcm5hdGlvbmFsLWJ1c2luZXNzLW1hY2hpbmVzLWNvLW55c2VpYm0uaHRtbNIBAA?hl=en-CA&gl=CA&ceid=CA%3Aen
"McDonald's will stop testing AI to take drive-thru orders, for now",2024-06-16 19:33:47.371495,news.google.com/articles/CBMiZGh0dHBzOi8vd3d3LnRoZXZlcmdlLmNvbS8yMDI0LzYvMTYvMjQxNzk2NzkvbWNkb25hbGRzLWVuZGluZy1haS1jaGF0Ym90LWRyaXZlLXRocnUtb3JkZXJpbmctdGVzdC1pYm3SAQA?hl=en-CA&gl=CA&ceid=CA%3Aen
Dodge & Cox Sells 215 Shares of International Business Machines Co. (NYSE:IBM),2024-06-16 19:33:47.371495,news.google.com/articles/CBMidWh0dHBzOi8vd3d3LmRlZmVuc2V3b3JsZC5uZXQvMjAyNC8wNi8xNi9kb2RnZS1jb3gtc2VsbHMtMjE1LXNoYXJlcy1vZi1pbnRlcm5hdGlvbmFsLWJ1c2luZXNzLW1hY2hpbmVzLWNvLW55c2VpYm0uaHRtbNIBAA?hl=en-CA&gl=CA&ceid=CA%3Aen
"IBM layoffs hit some Triangle workers, but it's unclear how many jobs will be lost",2024-06-16 19:33:47.371495,news.google.com/articles/CBMiSWh0dHBzOi8vY2EubmV3cy55YWhvby5jb20vaWJtLWxheW9mZnMtaGl0LXRyaWFuZ2xlLXdvcmtlcnMtMTYxNTE4NzIwLmh0bWzSAQA?hl=en-CA&gl=CA&ceid=CA%3Aen
Cannes Lions 2024,2024-06-16 19:33:47.371495,news.google.com/articles/CBMiIWh0dHBzOi8vd3d3LmlibS5jb20vZXZlbnRzL2Nhbm5lc9IBAA?hl=en-CA&gl=CA&ceid=CA%3Aen
Proathlete Wealth Management LLC Makes New $760000 Investment in International Business Machines Co. (NYSE ...,2024-06-16 19:33:47.376111,news.google.com/articles/CBMilwFodHRwczovL3d3dy5kZWZlbnNld29ybGQubmV0LzIwMjQvMDYvMTYvcHJvYXRobGV0ZS13ZWFsdGgtbWFuYWdlbWVudC1sbGMtbWFrZXMtbmV3LTc2MDAwMC1pbnZlc3RtZW50LWluLWludGVybmF0aW9uYWwtYnVzaW5lc3MtbWFjaGluZXMtY28tbnlzZWlibS5odG1s0gEA?hl=en-CA&gl=CA&ceid=CA%3Aen
Sierra Summit Advisors LLC Makes New Investment in International Business Machines Co. (NYSE:IBM),2024-06-16 19:33:47.376213,news.google.com/articles/CBMiigFodHRwczovL3d3dy5kZWZlbnNld29ybGQubmV0LzIwMjQvMDYvMTYvc2llcnJhLXN1bW1pdC1hZHZpc29ycy1sbGMtbWFrZXMtbmV3LWludmVzdG1lbnQtaW4taW50ZXJuYXRpb25hbC1idXNpbmVzcy1tYWNoaW5lcy1jby1ueXNlaWJtLmh0bWzSAQA?hl=en-CA&gl=CA&ceid=CA%3Aen
"Content Analytics Market Is Booming Worldwide – International Business Machines (IBM) Corporation, SAP SE, SAS ...",2024-06-16 19:33:47.377339,news.google.com/articles/CBMirAFodHRwczovL3d3dy50aGVpbmRpYW5tb3ZpZWNoYW5uZWwuY29tL21lZGlhL2NvbnRlbnQtYW5hbHl0aWNzLW1hcmtldC1pcy1ib29taW5nLXdvcmxkd2lkZS1pbnRlcm5hdGlvbmFsLWJ1c2luZXNzLW1hY2hpbmVzLWlibS1jb3Jwb3JhdGlvbi1zYXAtc2Utc2FzLWluc3RpdHV0ZS1vcmFjbGUvODk3NTUv0gEA?hl=en-CA&gl=CA&ceid=CA%3Aen
"Enterprise Information Archiving Market to Witness Revolutionary Growth by 2030 | Microsoft (US), HPE (US), IBM (US ...",2024-06-16 19:33:47.377339,news.google.com/articles/CBMipgFodHRwczovL3d3dy50aGVpbmRpYW5tb3ZpZWNoYW5uZWwuY29tL21lZGlhL2VudGVycHJpc2UtaW5mb3JtYXRpb24tYXJjaGl2aW5nLW1hcmtldC10by13aXRuZXNzLXJldm9sdXRpb25hcnktZ3Jvd3RoLWJ5LTIwMzAtbWljcm9zb2Z0LXVzLWhwZS11cy1pYm0tdXNnb29nbGUtdXMvODk2NTIv0gEA?hl=en-CA&gl=CA&ceid=CA%3Aen
Services Oriented Architecture (SOA) Middleware Market to Witness Massive Growth by 2030 | Fujitsu Interstage ...,2024-06-16 19:33:47.377339,news.google.com/articles/CBMivAFodHRwczovL3d3dy50aGVpbmRpYW5tb3ZpZWNoYW5uZWwuY29tL21lZGlhL3NlcnZpY2VzLW9yaWVudGVkLWFyY2hpdGVjdHVyZS1zb2EtbWlkZGxld2FyZS1tYXJrZXQtdG8td2l0bmVzcy1tYXNzaXZlLWdyb3d0aC1ieS0yMDMwLWZ1aml0c3UtaW50ZXJzdGFnZS1oZXdsZXR0LXBhY2thcmQtaWJtLWluZm9ybWF0aWNhLzg4NTE5L9IBAA?hl=en-CA&gl=CA&ceid=CA%3Aen
"Smart Oilfield IT Services Market to Witness Significant Incremental Opportunity Through 2024-2030 | IBM, Accenture ...",2024-06-16 19:33:47.377339,news.google.com/articles/CBMiwwFodHRwczovL3d3dy50aGVpbmRpYW5tb3ZpZWNoYW5uZWwuY29tL21lZGlhL3NtYXJ0LW9pbGZpZWxkLWl0LXNlcnZpY2VzLW1hcmtldC10by13aXRuZXNzLXNpZ25pZmljYW50LWluY3JlbWVudGFsLW9wcG9ydHVuaXR5LXRocm91Z2gtMjAyNC0yMDMwLWlibS1hY2NlbnR1cmUtdGF0YS1jb25zdWx0YW5jeS1zZXJ2aWNlcy13aXByby84OTg2NC_SAQA?hl=en-CA&gl=CA&ceid=CA%3Aen
IBM Java vulnerability: Vulnerability permits safety measures to be bypassed,2024-06-16 19:33:47.377339,news.google.com/articles/CBMid2h0dHBzOi8vd3d3LmJyZWFraW5nbGF0ZXN0Lm5ld3MvdGVjaG5vbG9neS9pYm0tamF2YS12dWxuZXJhYmlsaXR5LXZ1bG5lcmFiaWxpdHktcGVybWl0cy1zYWZldHktbWVhc3VyZXMtdG8tYmUtYnlwYXNzZWQv0gEA?hl=en-CA&gl=CA&ceid=CA%3Aen
"Smart Waste Management System Market to Make Great Impact in Near Future over 2030 IBM Corporation, SAP SE ...",2024-06-16 19:33:47.377339,news.google.com/articles/CBMitgFodHRwczovL3d3dy50aGVpbmRpYW5tb3ZpZWNoYW5uZWwuY29tL21lZGlhL3NtYXJ0LXdhc3RlLW1hbmFnZW1lbnQtc3lzdGVtLW1hcmtldC10by1tYWtlLWdyZWF0LWltcGFjdC1pbi1uZWFyLWZ1dHVyZS1vdmVyLTIwMzAtaWJtLWNvcnBvcmF0aW9uLXNhcC1zZS13YXN0ZS1tYW5hZ2VtZW50LWVuZXZvLW95Lzg5ODM0L9IBAA?hl=en-CA&gl=CA&ceid=CA%3Aen
McDonald's removes AI-powered voice ordering technology from drive thru,2024-06-16 19:33:47.377339,news.google.com/articles/CBMiX2h0dHBzOi8vZmlvcnJlcG9ydHMuY29tL21jZG9uYWxkcy1yZW1vdmVzLWFpLXBvd2VyZWQtdm9pY2Utb3JkZXJpbmctdGVjaG5vbG9neS1mcm9tLWRyaXZlLXRocnUv0gEA?hl=en-CA&gl=CA&ceid=CA%3Aen
"IT Security: Linux, MacOS X and UNIX are beneath menace - IT safety warning replace on Apache Commons (Risk ...",2024-06-16 19:33:47.377339,news.google.com/articles/CBMimQFodHRwczovL3d3dy5icmVha2luZ2xhdGVzdC5uZXdzL3RlY2hub2xvZ3kvaXQtc2VjdXJpdHktbGludXgtbWFjb3MteC1hbmQtdW5peC1hcmUtYmVuZWF0aC1tZW5hY2UtaXQtc2FmZXR5LXdhcm5pbmctcmVwbGFjZS1vbi1hcGFjaGUtY29tbW9ucy1yaXNrLW1lZGl1bS_SAQA?hl=en-CA&gl=CA&ceid=CA%3Aen
"McDonald's to stop testing AI to take drive-thru orders, after huge IBM partnership",2024-06-16 20:33:47.371495,news.google.com/articles/CBMifmh0dHBzOi8vd3d3LnR3ZWFrdG93bi5jb20vbmV3cy85ODg0Mi9tY2RvbmFsZHMtdG8tc3RvcC10ZXN0aW5nLWFpLXRha2UtZHJpdmUtdGhydS1vcmRlcnMtYWZ0ZXItaHVnZS1pYm0tcGFydG5lcnNoaXAvaW5kZXguaHRtbNIBAA?hl=en-CA&gl=CA&ceid=CA%3Aen
McDonald's Is Removing Its Current AI Technology From More Than 100 Drive-Thrus,2024-06-16 22:33:47.371495,news.google.com/articles/CBMinwFodHRwczovL3d3dy5tc24uY29tL2VuLXVzL21vbmV5L2NvbXBhbmllcy9tY2RvbmFsZC1zLWlzLXJlbW92aW5nLWl0cy1jdXJyZW50LWFpLXRlY2hub2xvZ3ktZnJvbS1tb3JlLXRoYW4tMTAwLWRyaXZlLXRocnVzL2FyLUJCMW9reUtmP29jaWQ9ZmluYW5jZS12ZXJ0aHAtZmVlZHPSAQA?hl=en-CA&gl=CA&ceid=CA%3Aen
McDonald's removes AI chatbot it partnered with IBM to use for drive-thru orders,2024-06-16 22:33:47.371495,news.google.com/articles/CBMiRWh0dHBzOi8vZ2lnYXppbmUubmV0L2dzY19uZXdzL2VuLzIwMjQwNjE3LW1jZG9uYWxkLWVuZC1kcml2ZS10aHJ1LWFpL9IBAA?hl=en-CA&gl=CA&ceid=CA%3Aen
McDonalds is removing its AI drive-thru voice ordering system from over 100 restaurants after its mishaps went viral,2024-06-16 22:33:47.376213,news.google.com/articles/CBMipQFodHRwczovL3d3dy5tc24uY29tL2VuLWluL21vbmV5L25ld3MvbWNkb25hbGRzLWlzLXJlbW92aW5nLWl0cy1haS1kcml2ZS10aHJ1LXZvaWNlLW9yZGVyaW5nLXN5c3RlbS1mcm9tLW92ZXItMTAwLXJlc3RhdXJhbnRzLWFmdGVyLWl0cy1taXNoYXBzLXdlbnQtdmlyYWwvYXItQkIxb2t2ZHnSAQA?hl=en-CA&gl=CA&ceid=CA%3Aen
"ITACM and ITOM Market Size 2024: Global Share and Industry Analysis by 2031 | Splunk, SolarWinds, IBM, Cicso – TIMC",2024-06-16 23:15:06.718936,news.google.com/articles/CBMimgFodHRwczovL3d3dy50aGVpbmRpYW5tb3ZpZWNoYW5uZWwuY29tL2F3YXJkcy9pdGFjbS1hbmQtaXRvbS1tYXJrZXQtc2l6ZS0yMDI0LWdsb2JhbC1zaGFyZS1hbmQtaW5kdXN0cnktYW5hbHlzaXMtYnktMjAzMS1zcGx1bmstc29sYXJ3aW5kcy1pYm0tY2ljc28vOTA0MDAv0gEA?hl=en-CA&gl=CA&ceid=CA%3Aen
"Smart City ICT Infrastructure Market Analysis, Research Study With Cisco, IBM, Oracle, Huawei – TIMC",2024-06-16 23:15:06.718936,news.google.com/articles/CBMijQFodHRwczovL3d3dy50aGVpbmRpYW5tb3ZpZWNoYW5uZWwuY29tL2F3YXJkcy9zbWFydC1jaXR5LWljdC1pbmZyYXN0cnVjdHVyZS1tYXJrZXQtYW5hbHlzaXMtcmVzZWFyY2gtc3R1ZHktd2l0aC1jaXNjby1pYm0tb3JhY2xlLWh1YXdlaS85MDE2Mi_SAQA?hl=en-CA&gl=CA&ceid=CA%3Aen
"Procurement Outsourcing Market See Huge Growth for New Normal | IBM, Accenture, GEP, Infosys – TIMC",2024-06-16 23:15:06.718936,news.google.com/articles/CBMiiwFodHRwczovL3d3dy50aGVpbmRpYW5tb3ZpZWNoYW5uZWwuY29tL2F3YXJkcy9wcm9jdXJlbWVudC1vdXRzb3VyY2luZy1tYXJrZXQtc2VlLWh1Z2UtZ3Jvd3RoLWZvci1uZXctbm9ybWFsLWlibS1hY2NlbnR1cmUtZ2VwLWluZm9zeXMvOTAxNjQv0gEA?hl=en-CA&gl=CA&ceid=CA%3Aen
IBM and The All England Lawn Tennis Club Launch New Generative AI Feature for Personalised Player Stories at ...,2024-06-16 23:33:47.371495,news.google.com/articles/CBMirgFodHRwczovL3d3dy5wcm5ld3N3aXJlLmNvbS9uZXdzLXJlbGVhc2VzL2libS1hbmQtdGhlLWFsbC1lbmdsYW5kLWxhd24tdGVubmlzLWNsdWItbGF1bmNoLW5ldy1nZW5lcmF0aXZlLWFpLWZlYXR1cmUtZm9yLXBlcnNvbmFsaXNlZC1wbGF5ZXItc3Rvcmllcy1hdC13aW1ibGVkb24tMzAyMTczNjU1Lmh0bWzSAQA?hl=en-CA&gl=CA&ceid=CA%3Aen
"General Data Protection Regulation (GDPR) Service Market Is Expected to Boom- IBM, Veritas, Amazon Web Services ...",2024-06-16 23:33:47.376213,news.google.com/articles/CBMiqAFodHRwczovL3d3dy50aGVpbmRpYW5tb3ZpZWNoYW5uZWwuY29tL2F3YXJkcy9nZW5lcmFsLWRhdGEtcHJvdGVjdGlvbi1yZWd1bGF0aW9uLWdkcHItc2VydmljZS1tYXJrZXQtaXMtZXhwZWN0ZWQtdG8tYm9vbS1pYm0tdmVyaXRhcy1hbWF6b24td2ViLXNlcnZpY2VzLW1pY3Jvc29mdC85MDcyOC_SAQA?hl=en-CA&gl=CA&ceid=CA%3Aen
"IT Operation and Maintenance Software Market Recovery and Impact Analysis Report – Splunk, SolarWinds, IBM ...",2024-06-16 23:33:47.376213,news.google.com/articles/CBMioAFodHRwczovL3d3dy50aGVpbmRpYW5tb3ZpZWNoYW5uZWwuY29tL2F3YXJkcy9pdC1vcGVyYXRpb24tYW5kLW1haW50ZW5hbmNlLXNvZnR3YXJlLW1hcmtldC1yZWNvdmVyeS1hbmQtaW1wYWN0LWFuYWx5c2lzLXJlcG9ydC1zcGx1bmstc29sYXJ3aW5kcy1pYm0tY2ljc28vOTA5MzEv0gEA?hl=en-CA&gl=CA&ceid=CA%3Aen
"Artificial Intelligence (AI) Infrastructure Market to Witness Growth Acceleration | Cisco, IBM, Intel Corporation ...",2024-06-16 23:33:47.376213,news.google.com/articles/CBMipwFodHRwczovL3d3dy50aGVpbmRpYW5tb3ZpZWNoYW5uZWwuY29tL2F3YXJkcy9hcnRpZmljaWFsLWludGVsbGlnZW5jZS1haS1pbmZyYXN0cnVjdHVyZS1tYXJrZXQtdG8td2l0bmVzcy1ncm93dGgtYWNjZWxlcmF0aW9uLWNpc2NvLWlibS1pbnRlbC1jb3Jwb3JhdGlvbi1zYW1zdW5nLzkwNzI2L9IBAA?hl=en-CA&gl=CA&ceid=CA%3Aen
"ldentity Assurance Technologies Market Is Expected to Boom- IBM, Microsoft, Oracle, Cisco – TIMC",2024-06-16 23:33:47.376213,news.google.com/articles/CBMiiQFodHRwczovL3d3dy50aGVpbmRpYW5tb3ZpZWNoYW5uZWwuY29tL2F3YXJkcy9sZGVudGl0eS1hc3N1cmFuY2UtdGVjaG5vbG9naWVzLW1hcmtldC1pcy1leHBlY3RlZC10by1ib29tLWlibS1taWNyb3NvZnQtb3JhY2xlLWNpc2NvLzkxMTg1L9IBAA?hl=en-CA&gl=CA&ceid=CA%3Aen
"Cybersecurity in Aerospace Market is Expected to Record the Massive Growth, with Prominent Key Players – Cisco ...",2024-06-16 23:33:47.377339,news.google.com/articles/CBMiygFodHRwczovL3d3dy50aGVpbmRpYW5tb3ZpZWNoYW5uZWwuY29tL2F3YXJkcy9jeWJlcnNlY3VyaXR5LWluLWFlcm9zcGFjZS1tYXJrZXQtaXMtZXhwZWN0ZWQtdG8tcmVjb3JkLXRoZS1tYXNzaXZlLWdyb3d0aC13aXRoLXByb21pbmVudC1rZXktcGxheWVycy1jaXNjby1pYm0tcmF5dGhlb24tdGVjaG5vbG9naWVzLW5vcnRocm9wLWdydW1tYW4vOTA3OTcv0gEA?hl=en-CA&gl=CA&ceid=CA%3Aen
"Distributed Cloud Storage System Market Future Analysis | IBM Corp., Amazon web services, Huawei",2024-06-16 23:33:47.377339,news.google.com/articles/CBMieWh0dHA6Ly9hbW9yZS5uZy93b3JsZHdpZGUvMjkvZGlzdHJpYnV0ZWQtY2xvdWQtc3RvcmFnZS1zeXN0ZW0tbWFya2V0LWZ1dHVyZS1hbmFseXNpcy1pYm0tY29ycC1hbWF6b24td2ViLXNlcnZpY2VzLWh1YXdlaS_SAQA?hl=en-CA&gl=CA&ceid=CA%3Aen
"Cloud Banking Service Industry Research Study |Mambu, Amazon Web Services, IBM",2024-06-17 00:15:06.718936,news.google.com/articles/CBMiaWh0dHA6Ly9hbW9yZS5uZy93b3JsZHdpZGUvNTQvY2xvdWQtYmFua2luZy1zZXJ2aWNlLWluZHVzdHJ5LXJlc2VhcmNoLXN0dWR5LW1hbWJ1LWFtYXpvbi13ZWItc2VydmljZXMtaWJtL9IBAA?hl=en-CA&gl=CA&ceid=CA%3Aen
"Internet Sanitation Service Market Future Analysis | The Noledge Group, IBM, Zhejiang Lianyun Zhihui SCI-tech",2024-06-17 00:33:47.376213,news.google.com/articles/CBMiiAFodHRwczovL2Ftb3JlLm5nL3dvcmxkd2lkZS81NS9pbnRlcm5ldC1zYW5pdGF0aW9uLXNlcnZpY2UtbWFya2V0LWZ1dHVyZS1hbmFseXNpcy10aGUtbm9sZWRnZS1ncm91cC1pYm0temhlamlhbmctbGlhbnl1bi16aGlodWktc2NpLXRlY2gv0gEA?hl=en-CA&gl=CA&ceid=CA%3Aen
"Consumer IAM Solutions Industry Research Study |IBM, Microsoft, Salesforce",2024-06-17 00:33:47.376213,news.google.com/articles/CBMiZWh0dHA6Ly9hbW9yZS5uZy93b3JsZHdpZGUvNDAvY29uc3VtZXItaWFtLXNvbHV0aW9ucy1pbmR1c3RyeS1yZXNlYXJjaC1zdHVkeS1pYm0tbWljcm9zb2Z0LXNhbGVzZm9yY2Uv0gEA?hl=en-CA&gl=CA&ceid=CA%3Aen
"AI-Based Dynamic Pricing Tool Market Growth Drivers | IBM, McKinsey, Blue Yonder",2024-06-17 00:33:47.377339,news.google.com/articles/CBMiZWh0dHA6Ly9hbW9yZS5uZy9uZXdzLzE2L2FpLWJhc2VkLWR5bmFtaWMtcHJpY2luZy10b29sLW1hcmtldC1ncm93dGgtZHJpdmVycy1pYm0tbWNraW5zZXktYmx1ZS15b25kZXIv0gEA?hl=en-CA&gl=CA&ceid=CA%3Aen
"Live Production and Video Streaming Software Market Emerging Trends | IBM, Kaltura, BrightCove",2024-06-17 00:33:47.377339,news.google.com/articles/CBMic2h0dHA6Ly9hbW9yZS5uZy9uZXdzLzM1L2xpdmUtcHJvZHVjdGlvbi1hbmQtdmlkZW8tc3RyZWFtaW5nLXNvZnR3YXJlLW1hcmtldC1lbWVyZ2luZy10cmVuZHMtaWJtLWthbHR1cmEtYnJpZ2h0Y292ZS_SAQA?hl=en-CA&gl=CA&ceid=CA%3Aen
"Digital Commerce Price Optimization Software Market Research Report | SAP, IBM, Oracle",2024-06-17 00:33:47.377339,news.google.com/articles/CBMia2h0dHA6Ly9hbW9yZS5uZy9uZXdzLzM2L2RpZ2l0YWwtY29tbWVyY2UtcHJpY2Utb3B0aW1pemF0aW9uLXNvZnR3YXJlLW1hcmtldC1yZXNlYXJjaC1yZXBvcnQtc2FwLWlibS1vcmFjbGUv0gEA?hl=en-CA&gl=CA&ceid=CA%3Aen
"IT safety: Vulnerable Linux, MacOS X and Windows - Eclipse Jetty IT safety alert replace (vulnerability: medium)",2024-06-17 00:33:47.377339,news.google.com/articles/CBMilQFodHRwczovL3d3dy5icmVha2luZ2xhdGVzdC5uZXdzL3RlY2hub2xvZ3kvaXQtc2FmZXR5LXZ1bG5lcmFibGUtbGludXgtbWFjb3MteC1hbmQtd2luZG93cy1lY2xpcHNlLWpldHR5LWl0LXNhZmV0eS1hbGVydC1yZXBsYWNlLXZ1bG5lcmFiaWxpdHktbWVkaXVtL9IBAA?hl=en-CA&gl=CA&ceid=CA%3Aen
"Advanced Server Energy Monitoring Software Market Trends and Regional Analysis | HP, IBM, Sun Microsystems",2024-06-17 00:33:47.377339,news.google.com/articles/CBMihAFodHRwOi8vYW1vcmUubmcvd29ybGR3aWRlLzM3L2FkdmFuY2VkLXNlcnZlci1lbmVyZ3ktbW9uaXRvcmluZy1zb2Z0d2FyZS1tYXJrZXQtdHJlbmRzLWFuZC1yZWdpb25hbC1hbmFseXNpcy1ocC1pYm0tc3VuLW1pY3Jvc3lzdGVtcy_SAQA?hl=en-CA&gl=CA&ceid=CA%3Aen
"Digital Forensic Software Market Emerging Trends | IBM, AccessData, FireEye",2024-06-17 00:33:47.377339,news.google.com/articles/CBMiYGh0dHA6Ly9hbW9yZS5uZy9uZXdzLzMxL2RpZ2l0YWwtZm9yZW5zaWMtc29mdHdhcmUtbWFya2V0LWVtZXJnaW5nLXRyZW5kcy1pYm0tYWNjZXNzZGF0YS1maXJlZXllL9IBAA?hl=en-CA&gl=CA&ceid=CA%3Aen
"Version Control Clients System Market Growth Drivers | SourceTree, GitKraken, IBM Rational Team Concert",2024-06-17 00:33:47.377339,news.google.com/articles/CBMifGh0dHA6Ly9hbW9yZS5uZy9uZXdzLzM3L3ZlcnNpb24tY29udHJvbC1jbGllbnRzLXN5c3RlbS1tYXJrZXQtZ3Jvd3RoLWRyaXZlcnMtc291cmNldHJlZS1naXRrcmFrZW4taWJtLXJhdGlvbmFsLXRlYW0tY29uY2VydC_SAQA?hl=en-CA&gl=CA&ceid=CA%3Aen
"Facilities Management and Workspace Solutions Market Trends and Regional Analysis | IBM, Oracle, SAP",2024-06-17 00:33:47.377339,news.google.com/articles/CBMifmh0dHA6Ly9hbW9yZS5uZy93b3JsZHdpZGUvMzQvZmFjaWxpdGllcy1tYW5hZ2VtZW50LWFuZC13b3Jrc3BhY2Utc29sdXRpb25zLW1hcmtldC10cmVuZHMtYW5kLXJlZ2lvbmFsLWFuYWx5c2lzLWlibS1vcmFjbGUtc2FwL9IBAA?hl=en-CA&gl=CA&ceid=CA%3Aen
"Metasearch Engine Industry Research Study |Dogpile, InfoSpace, IBM",2024-06-17 01:15:06.718936,news.google.com/articles/CBMiXmh0dHBzOi8vYW1vcmUubmcvd29ybGR3aWRlLzM4L21ldGFzZWFyY2gtZW5naW5lLWluZHVzdHJ5LXJlc2VhcmNoLXN0dWR5LWRvZ3BpbGUtaW5mb3NwYWNlLWlibS_SAQA?hl=en-CA&gl=CA&ceid=CA%3Aen
IBM UK & Ireland CEO Nicola Hodson on the AI revolution in business - How to be a CEO podcast,2024-06-17 01:33:47.371495,news.google.com/articles/CBMiQWh0dHBzOi8vc2cubmV3cy55YWhvby5jb20vaWJtLWNlby1uaWNvbGEtaG9kc29uLWFpLTA4MDAzNjY3MS5odG1s0gEA?hl=en-CA&gl=CA&ceid=CA%3Aen
IBM and Wimbledon Launch AI Feature for Player Stories,2024-06-17 01:33:47.371495,news.google.com/articles/CBMiXWh0dHBzOi8vd3d3LmNyeXB0b3RpbWVzLmlvLzIwMjQvMDYvMTcvaWJtLWFuZC13aW1ibGVkb24tbGF1bmNoLWFpLWZlYXR1cmUtZm9yLXBsYXllci1zdG9yaWVzL9IBAA?hl=en-CA&gl=CA&ceid=CA%3Aen
"Banking Security Market Emerging Trends | OneSpan, IBM Corporation, AO Kaspersky Lab.",2024-06-17 01:33:47.377339,news.google.com/articles/CBMiamh0dHBzOi8vYW1vcmUubmcvbmV3cy8xNy9iYW5raW5nLXNlY3VyaXR5LW1hcmtldC1lbWVyZ2luZy10cmVuZHMtb25lc3Bhbi1pYm0tY29ycG9yYXRpb24tYW8ta2FzcGVyc2t5LWxhYi_SAQA?hl=en-CA&gl=CA&ceid=CA%3Aen
"Data Asset Management Market [2024] | Anmut, IBM, Adobe",2024-06-17 01:33:47.377339,news.google.com/articles/CBMiUGh0dHBzOi8vYW1vcmUubmcvd29ybGR3aWRlLzQ0L2RhdGEtYXNzZXQtbWFuYWdlbWVudC1tYXJrZXQtMjAyNC1hbm11dC1pYm0tYWRvYmUv0gEA?hl=en-CA&gl=CA&ceid=CA%3Aen
"ModelOps Platforms Market Future Analysis | ModelOp, Modzy, IBM",2024-06-17 01:33:47.377339,news.google.com/articles/CBMiWWh0dHA6Ly9hbW9yZS5uZy93b3JsZHdpZGUvMTMvbW9kZWxvcHMtcGxhdGZvcm1zLW1hcmtldC1mdXR1cmUtYW5hbHlzaXMtbW9kZWxvcC1tb2R6eS1pYm0v0gEA?hl=en-CA&gl=CA&ceid=CA%3Aen
"Corporate Performance Management Software Market Report | Oracle, SAP, IBM",2024-06-17 01:33:47.377339,news.google.com/articles/CBMiX2h0dHA6Ly9hbW9yZS5uZy9uZXdzLzQwL2NvcnBvcmF0ZS1wZXJmb3JtYW5jZS1tYW5hZ2VtZW50LXNvZnR3YXJlLW1hcmtldC1yZXBvcnQtb3JhY2xlLXNhcC1pYm0v0gEA?hl=en-CA&gl=CA&ceid=CA%3Aen
"Intelligent Document Processing System Market Trends and Regional Analysis | IBM, OpenText, Datamatics",2024-06-17 01:33:47.377339,news.google.com/articles/CBMigAFodHRwOi8vYW1vcmUubmcvd29ybGR3aWRlLzQyL2ludGVsbGlnZW50LWRvY3VtZW50LXByb2Nlc3Npbmctc3lzdGVtLW1hcmtldC10cmVuZHMtYW5kLXJlZ2lvbmFsLWFuYWx5c2lzLWlibS1vcGVudGV4dC1kYXRhbWF0aWNzL9IBAA?hl=en-CA&gl=CA&ceid=CA%3Aen
